Category,Title,Image,Link,Price,Description,Model,RAM,Generation,Display,Storage,processor,touchscreen,graphics,maximum display resulation,color,warrenty,insurance,Battery,operating_system,ports_and_connectivity
https://neostore.com.np/product-category/dell-laptops,Dell Latitude 3420 - i5 1145G7 | 8GB | M,https://neostore.com.np/assets/uploads/latitude_7430_black_4.jpg,https://neostore.com.np/product/dell-latitude-3420---i5-1145g7-8gb-m-2-256ssd-nvme-intel-iris-xe-fhd-win-11,"Rs.82,175 - Rs.104,000                        ","Intel i5 1145G7 (8 MB cache, 4 cores, 8 threads, 2.60 GHz to 4.40 GHz Turbo)8GB DDR4, 3200 MT/s RAM256 GB M.2. PCIe NVMe SSD Class 35Intel Iris Xe Graphics14 inch FHD (1920 x 1080 ) DisplayGenuine Windows 11 Optional",DellLatitude 3420 - i5 1145G7 | 8GB | M.2 256SSD NVMe | Intel Iris Xe | FHD | WIN 11,"8GB DDR4, 3200MHz",11th Gen,14.0-inch FHD (1920 x 1080),256GB M.2 PCIe NVMe Solid State Drive,"8 MB cache, 4 cores, 8 threads, 2.60 GHz to 4.40 GHz Turbo","8 MB cache, 4 cores, 8 threads, 2.60 GHz to 4.40 GHz Turbo",No,Intel Iris Xe Graphics,1920 x 1080,Black,3 Year,,"3 Cell, 41 Wh, ExpressCharge™ Capable",Windows 11,,Dell,https://neostore.com.np/assets/uploads/3420_4.jpg,https://neostore.com.np/assets/uploads/34202.jpg,https://neostore.com.np/assets/uploads/3420_3.jpg,https://neostore.com.np/assets/images/neologohigh.png
https://neostore.com.np/product-category/dell-laptops,Dell Latitude 7430 - i5 1235U | 16GB | 2,https://neostore.com.np/assets/uploads/5420_22.jpg,https://neostore.com.np/product/dell-latitude-7430---i5-1235u-16gb-256gb-ssd-intel-iris-xe-fhd-win-10-pro,"Rs.190,000                        ","Intel i5 1235U (10 Core, 12 MB Cache, 12 Threads, up to 4.40 GHz)16GB 3200MHz DDR4 RAM256GB PCIe NVMe Class 35 SSDWindows 10 Pro14.0 Inch FHD (1920x1080) displayWindows 10 Professional",DellLatitude 7430 - i5 1235U | 16GB | 256GB SSD | Intel Iris Xe | FHD | Win 10 Pro,"16GB DDR4, 3200MHz",12th Gen,14.0-inch FHD (1920 x 1080),256GB M.2 PCIe NVMe Solid State Drive,"10 Core, 12 MB Cache, 12 Threads, up to 4.40 GHz","10 Core, 12 MB Cache, 12 Threads, up to 4.40 GHz",No,Intel Iris Xe Graphics,1920 x 1080,Black,3 Year,,"4-Cell Battery, 58WHr (Integrated)",Windows 10 Pro (upgradable to Windows 11),1. uSIM card slot (optional) (WWAN only)2. Thunderbolt™ 4 with Power Delivery and DisplayPort (USB Type-C™)3. USB 3.2 Gen 1 with Power share4. HDMI 2.05. Wedge-shaped Lock Slot6. Thunderbolt™ 4 with Power Delivery and DisplayPort (USB Type-C™)7. Universal Audio Jack8. Smart Card Reader (optional),Dell,https://neostore.com.np/assets/uploads/latitude_7430_black_4.jpg,https://neostore.com.np/assets/uploads/latitude_7430_black_3.jpg,https://neostore.com.np/assets/uploads/latitude_7430_black_2.jpg,https://neostore.com.np/assets/images/neologohigh.png
https://neostore.com.np/product-category/dell-laptops,Dell Inspiron 14 - 5420| i7 - 1255U | 16,https://neostore.com.np/assets/uploads/7420_2.jpg,https://neostore.com.np/product/dell-inspiron-14---5420-i7---1255u-16gb-1tb-ssd-mx570-2gb-gddr6-fhd-office,"Rs.177,415 - Rs.178,915                        ","Intel Core i7-1255U (12MB Cache, up to 4.7 GHz, 10 cores)16GB DDR4 3200MHz RAM1TB M.2 PCIe NVME SSDNVIDIA MX570 2GB GDDR6 Dedicated GraphicsWindows 11 HomeMicrosoft Office14 Inch FHD+ (1920 x 1200)",Dell Inspiron 14 - 5420,"16GB DDR4, 3200MHz",12th Gen,14.0-inch 16:10 FHD+ (1920 x 1200) Anti-Glare Non-Touch 250nits WVA Display with ComfortView Support,1TB M.2 PCIe NVMe Solid State Drive,"12MB Cache, up to 4.4 GHz, 10 cores","12MB Cache, up to 4.4 GHz, 10 cores",No,NVIDIA MX570 2GB GDDR6 Dedicated Graphics,1920 x 1200,Platinum Silver,1 Year,Optional,"4-Cell Battery, 54WHr (Integrated)",Windows 11,2 USB 3.2 Gen 1 Type-A ports1 USB 3.2 Gen 2x1 Type-C™ with Power Delivery and DisplayPort1 Audio jack1 HDMI 1.4 port1 Power-adapter port,Dell,https://neostore.com.np/assets/uploads/5420_22.jpg,https://neostore.com.np/assets/uploads/54202.jpg,https://neostore.com.np/assets/uploads/5420_32.jpg,https://neostore.com.np/assets/images/neologohigh.png
https://neostore.com.np/product-category/dell-laptops,Dell Inspiron 14 7420 - i7 1255U | 16GB,https://neostore.com.np/assets/uploads/7420_31.jpg,https://neostore.com.np/product/dell-inspiron-14-7420---i7-1255u-16gb-512ssd-nvidia-mx550-2gb-gddr6-touch-2in1-fhd-office,"Rs.175,473                        ","12th Generation Intel(R) Core(TM) i7-1255U (12MB Cache, up to 4.7 GHz, 10 cores)16GB, 1x8GB, DDR4, 3200MHz512GB M.2 PCIe NVMe Solid State DriveNVIDIA MX550 2GB GDDR614.0-inch 16:10 FHD+ (1920 x 1200) Truelife Touch Narrow Border WVA DisplayMicrosoft Office Home & Student 2021",DellInspiron 14 7420,16GB DDR4,12th Generation,14 inch FHD+,512GB SSD,"12MB Cache, up to 4.7 GHz, 10 cores","12MB Cache, up to 4.7 GHz, 10 cores",Yes,NVIDIA MX550 2GB GDDR6,1920 x 1200,Platinum Silver Touch LCD Cover Mod with FHD Camera,1 Year,,"3-Cell Battery, 41WHr (Integrated)",Windows 11,,Dell,https://neostore.com.np/assets/uploads/7420_2.jpg,https://neostore.com.np/assets/uploads/7420_3.jpg,https://neostore.com.np/assets/uploads/7420.jpg,https://neostore.com.np/assets/images/neologohigh.png
https://neostore.com.np/product-category/dell-laptops,Dell Inspiron 14 7420 - i5 1235U | 8GB |,https://neostore.com.np/assets/uploads/5625_2.jpg,https://neostore.com.np/product/dell-inspiron-14-7420---i5-1235u-8gb-512ssd-intel-uhd-touch-2-in-1-fhd-office,"Rs.135,703                        ","12th Generation Intel Core i5-1235U (12MB Cache, up to 4.4 GHz, 10 cores)8GB, 1x8GB, DDR4, 3200MHz512GB M.2 PCIe NVMe Solid State DriveIntel UHD Graphics14.0-inch 16:10 FHD+ (1920 x 1200) Truelife Touch Narrow Border WVA DisplayMicrosoft Office Home & Student 2021",DellInspiron 14 7420,8GB DDR4,12th Generation,14 inch FHD+,512GB SSD,12MB Cache 10-cores Processor,12MB Cache 10-cores Processor,Yes,Intel UHD Graphics,1920 x 1200,Platinum Silver Touch LCD Cover Mod with FHD Camera,1 Year,,"3-Cell Battery, 41WHr (Integrated)",Windows 11,,Dell,https://neostore.com.np/assets/uploads/7420_31.jpg,https://neostore.com.np/assets/uploads/7420_21.jpg,https://neostore.com.np/assets/uploads/74201.jpg,https://neostore.com.np/assets/images/neologohigh.png
https://neostore.com.np/product-category/dell-laptops,Dell Inspiron 16 5625 - AMD Ryzen 7 5825,https://neostore.com.np/assets/uploads/5625_41.jpg,https://neostore.com.np/product/dell-inspiron-16-5625---amd-ryzen-7-5825u-8gb-512ssd-radeon-graphics-fhd-office,"Rs.128,910 - Rs.130,410                        ","AMD Ryzen 7 5825U 8-core/16-thread Processor with Radeon Graphics8GB, 1x8GB, DDR4, 3200MHz512GB M.2 PCIe NVMe Solid State DriveAMD Radeon Graphics with shared graphics memory16.0-inch 16:10 FHD+ (1920 x 1200) Anti-Glare Non-Touch 250nits WVA Display with ComfortView SupportMicrosoft Office Home & Student 2021",DellInspiron 16 5625,8GB DDR4,AMD 5000 Series,16 inch FHD+,512GB SSD,16MB Cache and 8-core/16-thread Processor,16MB Cache and 8-core/16-thread Processor,No,AMD Radeon Graphics,1920 x 1200,Platinum Silver,1 Year,,"4-Cell Battery, 54WHr (Integrated)",Windows 11,2 USB 3.2 Gen 1 ports1 USB 3.2 Gen 2 Type-C® port with DisplayPort® and Power Delivery1 Audio jack*1 HDMI 1.4 portHDMI 1.4 (Maximum resolution supported over HDMI is 1920x1080 @60Hz. No 4K/2K output)1 power-adapter port,Dell,https://neostore.com.np/assets/uploads/5625_2.jpg,https://neostore.com.np/assets/uploads/5625_4.jpg,https://neostore.com.np/assets/uploads/5625_3.jpg,https://neostore.com.np/assets/images/neologohigh.png
https://neostore.com.np/product-category/dell-laptops,Dell Inspiron 16 5625 - AMD Ryzen 5 5625,https://neostore.com.np/assets/uploads/5620_2.jpg,https://neostore.com.np/product/dell-inspiron-16-5625---amd-ryzen-5-5625u-8gb-512ssd-radeon-graphics-fhd-office,"Rs.108,540 - Rs.110,043                        ","AMD Ryzen 5 5625U 6-core/12-thread Processor with Radeon Graphics8GB, 1x8GB, DDR4, 3200MHz512GB M.2 PCIe NVMe Solid State DriveAMD Radeon Graphics with shared graphics memory16.0-inch 16:10 FHD+ (1920 x 1200) Anti-Glare Non-Touch 250nits WVA Display with ComfortView SupportMicrosoft Office Home & Student 2021",DellInspiron 16 5625,8GB DDR4,AMD 5000 Series,16 inch FHD+,512GB SSD,16MB Cache and 6-core/12-thread Processor,16MB Cache and 6-core/12-thread Processor,No,AMD Radeon Graphics,1920 x 1200,Platinum Silver,1 Year,,"4-Cell Battery, 54WHr (Integrated)",Windows 11,2 USB 3.2 Gen 1 ports1 USB 3.2 Gen 2 Type-C® port with DisplayPort® and Power Delivery1 Audio jack*1 HDMI 1.4 portHDMI 1.4 (Maximum resolution supported over HDMI is 1920x1080 @60Hz. No 4K/2K output)1 power-adapter port,Dell,https://neostore.com.np/assets/uploads/5625_41.jpg,https://neostore.com.np/assets/uploads/5625_21.jpg,https://neostore.com.np/assets/uploads/5625_31.jpg,https://neostore.com.np/assets/images/neologohigh.png
https://neostore.com.np/product-category/dell-laptops,Dell Inspiron 16 5620 - i7 1255U | 16GB,https://neostore.com.np/assets/uploads/5620_3.jpg,https://neostore.com.np/product/dell-inspiron-16-5620---i7-1255u-16gb-512ssd-intel-iris-xe-fhd-office,"Rs.131,820 - Rs.133,325                        ","12th Generation Intel (R) Core (TM) i7-1255U (12MB Cache, up to 4.7 GHz, 10 Cores)16GB, 1x8GB, DDR4, 3200MHz512GB M.2 PCIe NVMe Solid State DriveIntel Iris Xe Graphics16.0-inch 16:10 FHD+ (1920 x 1200) Anti-Glare Non-Touch 250nits WVA Display with ComfortView Support",DellInspiron 16 5620,16GB DDR4,12th Generation,16 inch FHD+,512GB SSD,"12MB Cache, up to 4.7 GHz, 10 cores","12MB Cache, up to 4.7 GHz, 10 cores",No,Intel Iris Xe,1920 x 1200,Platinum Silver,1 Year,,"4-Cell Battery, 54WHr (Integrated)",Windows 11,2 USB 3.2 Gen 1 Type-A ports1 USB 3.2 Gen 2x1 Type-C port with Power Delivery and DisplayPort1 Audio jack*1 HDMI 1.4 portHDMI 1.4 (Maximum resolution supported over HDMI is 1920x1080 @60Hz. No 4K/2K output)1 Power-adapter port,Dell,https://neostore.com.np/assets/uploads/5620_2.jpg,https://neostore.com.np/assets/uploads/5620.jpg,https://neostore.com.np/assets/uploads/5620_4.jpg,https://neostore.com.np/assets/images/neologohigh.png
https://neostore.com.np/product-category/dell-laptops,Dell Inspiron 16 5620 - i5 1240P | 16GB,https://neostore.com.np/assets/uploads/5620_71.jpg,https://neostore.com.np/product/dell-inspiron-16-5620---i5-1240p-16gb-512ssd-nvidia-mx570a-2gb-gddr6-fhd-office,"Rs.167,710 - Rs.169,213                        ","12th Generation Intel (R) Core (TM) i5-1240P (12MB Cache, up to 4.4 GHz, 12 Cores- 16 Threads)16GB512GB M.2 PCIe NVMe Solid State DriveNvidia MX570A 2GB GDDR6 Dedicated Graphics16.0-inch 16:10 FHD+ (1920 x 1200) Anti-Glare Non-Touch 250nits WVA Display with ComfortView SupportMicrosoft Office Home & Student 2021",DellInspiron 16 5620,16GB DDR4,12th Generation,16 inch FHD+,512GB SSD,"12MB Cache, up to 4.4 GHz, 12 cores","12MB Cache, up to 4.4 GHz, 12 cores",No,Nvidia MX570A 2GB GDDR6 Dedicated Graphics,1920 x 1200,Platinum Silver,1 Year,,"4-Cell Battery, 54WHr (Integrated)",Windows 11,2 USB 3.2 Gen 1 Type-A ports1 USB 3.2 Gen 2x1 Type-C port with Power Delivery and DisplayPort1 Audio jack*1 HDMI 1.4 portHDMI 1.4 (Maximum resolution supported over HDMI is 1920x1080 @60Hz. No 4K/2K output)1 Power-adapter port,Dell,https://neostore.com.np/assets/uploads/5620_3.jpg,https://neostore.com.np/assets/uploads/5620_5.jpg,https://neostore.com.np/assets/uploads/5620_41.jpg,https://neostore.com.np/assets/images/neologohigh.png
https://neostore.com.np/product-category/dell-laptops,Dell Inspiron 16 5620 - i5 1235U | 8GB |,https://neostore.com.np/assets/uploads/3525_3.jpg,https://neostore.com.np/product/dell-inspiron-16-5620---i5-1235u-8gb-256ssd-intel-uhd-fhd-office,"Rs.110,485 - Rs.111,985                        ","12th Generation Intel (R) Core (TM) i5-1235U (12MB Cache, up to 4.4 GHz, 10 cores)8GB, 1x8GB, DDR4, 3200MHz256GB M.2 PCIe NVMe Solid State DriveIntel(R) UHD Graphics16.0-inch 16:10 FHD+ (1920 x 1200) Anti-Glare Non-Touch 250nits WVA Display with ComfortView SupportMicrosoft Office Home & Student 2021",DellInspiron 16 5620,8GB DDR4,12th Generation,16 inch FHD+,256GB SSD,"12MB Cache, up to 4.4 GHz, 10 cores","12MB Cache, up to 4.4 GHz, 10 cores",No,Intel UHD Graphics,1920 x 1200,Platinum Silver,1 Year,,"4-Cell Battery, 54WHr (Integrated)",Windows 11,2 USB 3.2 Gen 1 Type-A ports1 USB 3.2 Gen 2x1 Type-C port with Power Delivery and DisplayPort1 Audio jack*1 HDMI 1.4 portHDMI 1.4 (Maximum resolution supported over HDMI is 1920x1080 @60Hz. No 4K/2K output)1 Power-adapter port,Dell,https://neostore.com.np/assets/uploads/5620_71.jpg,https://neostore.com.np/assets/uploads/5620_6.jpg,https://neostore.com.np/assets/uploads/5620_51.jpg,https://neostore.com.np/assets/images/neologohigh.png
https://neostore.com.np/product-category/dell-laptops,Dell Inspiron 15 3525 - AMD Ryzen 7 5825,https://neostore.com.np/assets/uploads/3525_21.jpg,https://neostore.com.np/product/dell-inspiron-15-3525---amd-ryzen-7-5825u-8gb-512ssd-radeon-graphics-fhd,"Rs.98,455 - Rs.99,455                        ","AMD Ryzen(TM) 7 5825U 8-core/16-thread Processor with Radeon(TM) Graphics8GB, 1x8GB, DDR4, 3200MHz512GB M.2 PCIe NVMe Solid State DriveAMD Radeon Graphics with shared graphics memory15.6 inch FHD (1920 x 1080) 120Hz 250 nits WVA Anti- Glare LED Backlit Narrow",DellInspiron 15 3525,8GB DDR4,AMD Ryzen 7 5825U,15.6 inch FHD,512GB SSD,"16MB Cache, up to 4.5 GHz, 8 cores/ 16 Threads","16MB Cache, up to 4.5 GHz, 8 cores/ 16 Threads",No,AMD Radeon(TM) Graphics with shared graphics memory,1920 x 1080,Carbon Black,1 Year,,"3-Cell Battery, 41WHr",Windows 11,2 USB 3.2 Gen 1 ports (Dali)1 USB 3.2 Gen 1 port (Barcelo/Lucienne)1 USB 3.2 Gen 1 Type-C® port (Barcelo/Lucienne)1 USB 2.0 port1 headset (headphone and microphone combo) port1 HDMI 1.4 portHDMI 1.4 (Maximum resolution supported over HDMI is 1920x1080 @60Hz. No 4K/2K output),Dell,https://neostore.com.np/assets/uploads/3525_3.jpg,https://neostore.com.np/assets/uploads/3525_2.jpg,https://neostore.com.np/assets/uploads/3525_4.jpg,https://neostore.com.np/assets/images/neologohigh.png
https://neostore.com.np/product-category/dell-laptops,Dell Inspiron 15 3525 - AMD Ryzen 5 5625,https://neostore.com.np/assets/uploads/3520_41.jpg,https://neostore.com.np/product/dell-inspiron-15-3525---amd-ryzen-5-5625u-8gb-512ssd-radeon-graphics-fhd,"Rs.81,965 - Rs.82,965                        ","AMD Ryzen(TM) 5 5625U 6-core/12-thread Processor with Radeon(TM) Graphics8GB, 1x8GB, DDR4, 3200MHz512GB M.2 PCIe NVMe Solid State DriveAMD Radeon Graphics with shared graphics memory15.6 inch FHD (1920 x 1080) 120Hz 250 nits WVA Anti- Glare LED Backlit Narrow",DellInspiron 15 3525,8GB DDR4,AMD Ryzen 5 5625U,15.6 inch FHD,512GB SSD,"16MB Cache, up to 4.3 GHz, 6 cores/ 12 Threads","16MB Cache, up to 4.3 GHz, 6 cores/ 12 Threads",No,AMD Radeon(TM) Graphics with shared graphics memory,1920 x 1080,Carbon Black,1 Year,,"3-Cell Battery, 41WHr",Windows 11,2 USB 3.2 Gen 1 ports (Dali)1 USB 3.2 Gen 1 port (Barcelo/Lucienne)1 USB 3.2 Gen 1 Type-C® port (Barcelo/Lucienne)1 USB 2.0 port1 headset (headphone and microphone combo) port1 HDMI 1.4 portHDMI 1.4 (Maximum resolution supported over HDMI is 1920x1080 @60Hz. No 4K/2K output),Dell,https://neostore.com.np/assets/uploads/3525_21.jpg,https://neostore.com.np/assets/uploads/3525_41.jpg,https://neostore.com.np/assets/uploads/3525_31.jpg,https://neostore.com.np/assets/images/neologohigh.png
https://neostore.com.np/product-category/dell-laptops,Dell Inspiron 3520 - i7 - 1255U | 8GB |,https://neostore.com.np/assets/uploads/3520_32.jpg,https://neostore.com.np/product/dell-inspiron-3520---i7---1255u-8gb-512gb-ssd-intel-uhd-fhd,"Rs.115,915 - Rs.116,915                        ","Intel I7 - 1255U Processor (12MB Cache, up to 4.7 GHz, 10 cores)8GB DDR4 2666MHz RAM512GB M.2 PCIe NVMe SSDIntel UHD GraphicsWindows 11 HomeIntel(R) Wi-Fi 6 2x2 (Gig+) and Bluetooth 5.215.6 inch FHD (1920 x 1080) With 120Hz  and 250 nits of brightness",DellInspiron 3520,8GB DDR4,12th Generation Intel Core i7-1255U,15.6 inch FHD,512GB SSD,"12MB Cache, up to 4.7 GHz, 10 cores","12MB Cache, up to 4.7 GHz, 10 cores",No,Intel UHD Graphics,1920 x 1080,Platinum Silver,1 Year,,"4-Cell Battery, 54WHr",Windows 11,1 USB 3.2 Gen 1 Type-C® port with DisplayPort 1.4 (on 12th Gen Processor configured with Type-C®)*1 USB 3.2 Gen 1 port (on systems configured with Type-C®)2 USB 3.2 Gen 1 ports (on systems configured with non Type-C®)1 USB 2.0 port1 Power Jack1 headset (headphone and microphone combo) port1 HDMI 1.4 port,Dell,https://neostore.com.np/assets/uploads/3520_41.jpg,https://neostore.com.np/assets/uploads/3520_33.jpg,https://neostore.com.np/assets/uploads/3520_7.jpg,https://neostore.com.np/assets/images/neologohigh.png
https://neostore.com.np/product-category/dell-laptops,Dell Inspiron 3520 - i5 - 1235U | 8GB |,https://neostore.com.np/assets/uploads/3520_4.jpg,https://neostore.com.np/product/dell-inspiron-3520---i5---1235u-8gb-512gb-ssd-mx550-2gb-gddr6-fhd,"Rs.119,210 - Rs.120,210                        ","Intel I5 - 1235U Processor (12MB Cache, up to 4.4 GHz, 10 cores)8GB DDR4 2666MHz RAM512GB M.2 PCIe NVMe SSDNvidia MX550 2GB GDDR6 Dedicated GraphicsWindows 11 HomeIntel(R) Wi-Fi 6 2x2 (Gig+) and Bluetooth 5.215.6 inch FHD (1920 x 1080) With 120Hz  and 250 nits of brightness",DellInspiron 3520,8GB DDR4,12th Generation Intel Core i5-1235U,15.6 inch FHD,512GB SSD,"12MB Cache, up to 4.4 GHz, 10 cores","12MB Cache, up to 4.4 GHz, 10 cores",No,Dedicated Nvidia MX550 2GB GDDR6,1920 x 1080,Platinum Silver,1 Year,,"3-Cell Battery, 41WHr",Windows 11,1 USB 3.2 Gen 1 Type-C® port with DisplayPort 1.4 (on 12th Gen Processor configured with Type-C®)*1 USB 3.2 Gen 1 port (on systems configured with Type-C®)2 USB 3.2 Gen 1 ports (on systems configured with non Type-C®)1 USB 2.0 port1 Power Jack1 headset (headphone and microphone combo) port1 HDMI 1.4 port,Dell,https://neostore.com.np/assets/uploads/3520_32.jpg,https://neostore.com.np/assets/uploads/3520_51.jpg,https://neostore.com.np/assets/uploads/3520_6.jpg,https://neostore.com.np/assets/images/neologohigh.png
https://neostore.com.np/product-category/dell-laptops,Dell Inspiron 3520 - i5 - 1235U | 8GB |,https://neostore.com.np/assets/uploads/3520_5.jpg,https://neostore.com.np/product/dell-inspiron-3520---i5---1235u-8gb-512gb-ssd-intel-uhd-fhd,"Rs.99,810 - Rs.100,810                        ","Intel I5 - 1235U Processor (12MB Cache, up to 4.4 GHz, 10 cores)8GB DDR4 2666MHz RAM512GB M.2 PCIe NVMe SSDIntel UHD GraphicsWindows 11 HomeIntel(R) Wi-Fi 6 2x2 (Gig+) and Bluetooth 5.215.6 inch FHD (1920 x 1080) With 120Hz  and 250 nits of brightness",DellInspiron 3520,8GB DDR4,12th Generation Intel Core i5-1235U,15.6 inch FHD,512GB SSD,"12MB Cache, up to 4.4 GHz, 10 cores","12MB Cache, up to 4.4 GHz, 10 cores",No,Intel UHD Graphics,1920 x 1080,Platinum Silver,1 Year,,"3-Cell Battery, 41WHr",Windows 11,1 USB 3.2 Gen 1 Type-C® port with DisplayPort 1.4 (on 12th Gen Processor configured with Type-C®)*1 USB 3.2 Gen 1 port (on systems configured with Type-C®)2 USB 3.2 Gen 1 ports (on systems configured with non Type-C®)1 USB 2.0 port1 Power Jack1 headset (headphone and microphone combo) port1 HDMI 1.4 port,Dell,https://neostore.com.np/assets/uploads/3520_4.jpg,https://neostore.com.np/assets/uploads/3520_31.jpg,https://neostore.com.np/assets/uploads/3520_1.jpg,https://neostore.com.np/assets/images/neologohigh.png
https://neostore.com.np/product-category/dell-laptops,Dell Inspiron 3520 - i5 - 1235U | 8GB |,https://neostore.com.np/assets/uploads/5425_241.jpg,https://neostore.com.np/product/dell-inspiron-3520---i5---1235u-8gb-256gb-ssd-intel-uhd-fhd,"Rs.95,550 - Rs.96,550                        ","Intel I5 - 1235U Processor (12MB Cache, up to 4.4 GHz, 10 cores)8GB DDR4 2666MHz RAM256GB M.2 PCIe NVMe SSDIntel UHD GraphicsWindows 11 HomeIntel(R) Wi-Fi 6 2x2 (Gig+) and Bluetooth 5.215.6 inch FHD (1920 x 1080) With 120Hz  and 250 nits of brightness",DellInspiron 3520,8GB DDR4,12th Generation Intel Core i5-1235U,15.6 inch FHD,256GB SSD,"12MB Cache, up to 4.4 GHz, 10 cores","12MB Cache, up to 4.4 GHz, 10 cores",No,Intel UHD Graphics,1920 x 1080,Platinum Silver,1 Year,,"3-Cell Battery, 41WHr",Windows 11,1 USB 3.2 Gen 1 Type-C® port with DisplayPort 1.4 (on 12th Gen Processor configured with Type-C®)*1 USB 3.2 Gen 1 port (on systems configured with Type-C®)2 USB 3.2 Gen 1 ports (on systems configured with non Type-C®)1 USB 2.0 port1 Power Jack1 headset (headphone and microphone combo) port1 HDMI 1.4 port,Dell,https://neostore.com.np/assets/uploads/3520_5.jpg,https://neostore.com.np/assets/uploads/3520_3.jpg,https://neostore.com.np/assets/uploads/3520_.jpg,https://neostore.com.np/assets/images/neologohigh.png
https://neostore.com.np/product-category/dell-laptops,Dell Inspiron 14-5425| Ryzen 7 5825U - 8,https://neostore.com.np/assets/uploads/5420_3.jpg,https://neostore.com.np/product/dell-inspiron-14-5425-ryzen-7-5825u---8gb-512-ssd-radeon-graphics-fhd-office,"Rs.127,555 - Rs.129,055                        ",AMD Ryzen 7 5825U Processor 8-cores/16-threads8GB DDR4 3200MHz RAM512GB m.2 PCIe BVNe SSDAMD Radeon Graphics14 inch FHD+ (1920 x 1200) WVA Display with 250 nits brightness,DellInspiron 14-5425,8GB DDR4,Ryzen 5000,"14"" FHD+",512GB SSD,"16MB Cache, up to 4.5GHz","16MB Cache, up to 4.5GHz",No,AMD Radeon,1920x1200,Platinum Silver,1 Year,,"4-Cell Battery, 54WHr (Integrated)",Windows 11,,Dell,https://neostore.com.np/assets/uploads/5425_241.jpg,https://neostore.com.np/assets/uploads/5425_31.jpg,https://neostore.com.np/assets/uploads/5425_4.jpg,https://neostore.com.np/assets/images/neologohigh.png
https://neostore.com.np/product-category/dell-laptops,Dell Inspiron 14 - 5420| i7 - 1255U | 8G,https://neostore.com.np/assets/uploads/54201.jpg,https://neostore.com.np/product/dell-inspiron-14---5420-i7---1255u-8gb-512-ssd-intel-uhd-fhd-office,"Rs.135,700 - Rs.137,200                        ","Intel Core i7-1255U (12MB Cache, up to 4.7 GHz, 10 cores)8GB DDR4 3200MHz RAM512GB M.2 PCIe NVME SSDIntel UHD GraphicsWindows 11 HomeMicrosoft Office14 Inch FHD+ (1920 x 1200)",Dell Inspiron 14 - 5420,"8GB, 1x8GB, DDR4, 3200MHz",12th Gen,14.0-inch 16:10 FHD+ (1920 x 1200) Anti-Glare Non-Touch 250nits WVA Display with ComfortView Support,512GB M.2 PCIe NVMe Solid State Drive,"12MB Cache, up to 4.4 GHz, 10 cores","12MB Cache, up to 4.4 GHz, 10 cores",No,Intel UHD Graphics,1920 x 1200,Platinum Silver,1 Year,Optional,"4-Cell Battery, 54WHr (Integrated)",Windows 11,2 USB 3.2 Gen 1 Type-A ports1 USB 3.2 Gen 2x1 Type-C™ with Power Delivery and DisplayPort1 Audio jack1 HDMI 1.4 port1 Power-adapter port,Dell,https://neostore.com.np/assets/uploads/5420_3.jpg,https://neostore.com.np/assets/uploads/5420_2.jpg,https://neostore.com.np/assets/uploads/5420.jpg,https://neostore.com.np/assets/images/neologohigh.png
https://neostore.com.np/product-category/dell-laptops,Dell Inspiron 14 - 5420| i5 - 1235U | 8G,https://neostore.com.np/assets/uploads/5520_2111.jpg,https://neostore.com.np/product/dell-inspiron-14---5420-i5---1235u-8gb-512-ssd-intel-uhd-fhd-office,"Rs.122,125 - Rs.123,600                        ","Intel i5 1235U processor (12MB Cache, up to 4.4 GHz, 10 cores)8GB DDR4 3200MHz RAM512GB M.2 PCIe NVME SSDIntel UHD GraphicsWindows 11 HomeMicrosoft Office14 Inch FHD+ (1920 x 1200)",DellInspiron 14 - 5420,"8GB, 1x8GB, DDR4, 3200MHz",12th Gen,14.0-inch 16:10 FHD+,512GB M.2 PCIe NVMe Solid State Drive,"12MB Cache, up to 4.4 GHz, 10 cores","12MB Cache, up to 4.4 GHz, 10 cores",No,Intel UHD Graphics,1920 x 1200,Platinum Silver,1 Year,Optional,"4-Cell Battery, 54WHr (Integrated)",Windows 11,2 USB 3.2 Gen 1 Type-A ports1 USB 3.2 Gen 2x1 Type-C™ with Power Delivery and DisplayPort1 Audio jack1 HDMI 1.4 port1 Power-adapter port,Dell,https://neostore.com.np/assets/uploads/54201.jpg,https://neostore.com.np/assets/uploads/5420_21.jpg,https://neostore.com.np/assets/uploads/5420_31.jpg,https://neostore.com.np/assets/images/neologohigh.png
https://neostore.com.np/product-category/dell-laptops,Dell Inspiron G15 5520 | i7 12700H | 16G,https://neostore.com.np/assets/uploads/9320_2111.jpg,https://neostore.com.np/product/dell-inspiron-g15-5520-i7-12700h-16gb-ram-512gb-ssd-rtx3060-6gb-gddr6-fhd,"Rs.215,250                        ",Intel i7 - 12700H Processor Total 14 Cores 20 Threads With Turbo speed of 4.70Ghz16GB DDR5 RAM512GB M.2 PCIe SSDWindows 11 HomeRTX 3060 6GB GDDR615.6 Inch FHD Display with 165Hz Refresh Rate and 300 nits Brightness,DellInspiron G15 5520 With The Latest 12th Gen Processor!,16GB DDR5,i7 12700H 12th Gen,"15.6"" FHD",512GB SSD,"24MB Cache, up to 4.70 GHz","24MB Cache, up to 4.70 GHz",No,NVIDIA RTX 3060 6GB GDDR6,1920x1080,Shadow Grey,1 Year,,"6-Cell Battery, 86WHr",Windows 11,1. SuperSpeed USB 3.2 Gen 12. SuperSpeed USB 3.2 Gen 13. USB Type-C port with DisplayPort with alt mode4. SuperSpeed USB 3.2 Gen 15. HDMI 2.16. Power in7. RJ458. Headphones/mic,Dell,https://neostore.com.np/assets/uploads/5520_2111.jpg,https://neostore.com.np/assets/uploads/552011.jpg,https://neostore.com.np/assets/uploads/5520_411.jpg,https://neostore.com.np/assets/images/neologohigh.png
https://neostore.com.np/product-category/dell-laptops,Dell XPS 13 9320 Plus | i7 - 1260P | 16G,https://neostore.com.np/assets/uploads/93202.jpg,https://neostore.com.np/product/dell-xps-13-9320-plus-i7---1260p-16gb-ram-1tb-ssd-intel-iris-xe-oled-3-5k-touch,"Rs.293,813                        ","12TH Gen Intel i7 - 1260P Processor (18 MB Cache,12 Cores, 16 threads, upto 4.70GHz)Intel Iris Xe Graphics16 GB LPDDR5 RAM1TB SSD3.5K 3456 x 2160 Resolution OLED Screen With TouchOffice Home & Student 2021Intel(R) Killer(TM) Wi-Fi 6 1675 (AX211) 2x2 + Bluetooth 5.2 Wireless Card",DellXPS 13 9320 Plus,"16GB, LPDDR5, 5200 MHz, integrated, dual channe",12th Gen,"13.4"" 3.5K  OLED Touch, InfinityEdge Touch Anti-Reflective 400-Nit Display",1TB M.2 PCIe Gen 4 NVMe Solid State Drive,"18MB Cache, 12 cores up to 4.7 GHz,","18MB Cache, 12 cores up to 4.7 GHz,",Yes,Intel(R) Iris(R) Xe Graphics,3456x2160,Platinum,1 Year,Yes,"3-Cell Battery, 55WHr",Windows 11,,Dell,https://neostore.com.np/assets/uploads/9320_2111.jpg,https://neostore.com.np/assets/uploads/9320_31.jpg,https://neostore.com.np/assets/uploads/9320111.jpg,https://neostore.com.np/assets/images/neologohigh.png
https://neostore.com.np/product-category/dell-laptops,Dell XPS 13 9320 Plus | i7 - 1260P | 16G,https://neostore.com.np/assets/uploads/3511_131.jpg,https://neostore.com.np/product/dell-xps-13-9320-plus-i7---1260p-16gb-ram-512-gb-ssd-intel-iris-xe-oled-3-5k-touch,"Rs.283,143                        ","12TH Gen Intel i7 - 1260P Processor (18 MB Cache,12 Cores, 16 threads, upto 4.70GHz)Intel Iris Xe Graphics16 GB LPDDR5 RAM512 GB SSD3.5K 3456 x 2160 Resolution OLED Screen With TouchOffice Home & Student 2021Intel(R) Killer(TM) Wi-Fi 6 1675 (AX211) 2x2 + Bluetooth 5.2 Wireless Card",DellXPS 13 9320 Plus,"16GB, LPDDR5, 5200 MHz, integrated, dual channel",12th Gen,"13.4"" 3.5K  OLED Touch, InfinityEdge Touch Anti-Reflective 400-Nit Display",512GB M.2 PCIe Gen 4 NVMe Solid State Drive,"18MB Cache, 12 cores up to 4.7 GHz,","18MB Cache, 12 cores up to 4.7 GHz,",Yes,Intel(R) Iris(R) Xe Graphics,3456x2160,Platinum,1 Year,Yes,"3-Cell Battery, 55WHr",Windows 11,,Dell,https://neostore.com.np/assets/uploads/93202.jpg,https://neostore.com.np/assets/uploads/9320_2.jpg,https://neostore.com.np/assets/uploads/9320_32.jpg,https://neostore.com.np/assets/images/neologohigh.png
https://neostore.com.np/product-category/dell-laptops,Dell Inspiron 15 3511 | i5 1135G7 | 8GB,https://neostore.com.np/assets/uploads/541031.jpg,https://neostore.com.np/product/dell-inspiron-15-3511-i5-1135g7-8gb-128gb-ssd-1tb-hdd-nvidia-mx-350-2gb-gddr5-fhd,"Rs.83,900                        ",Exclusive Price!i5 1135G7 Processor8GB RAM128GB SSD+1TB HDDNvidia MX-350 2GB GDDR5 GPU,N/A,"8GB, 8GBx1, DDR4, 2666MHz",11th Gen,15.6 FHD,128GB SSD+ 1TB HDD,"8MB Cache, up to 4.2 GHz","8MB Cache, up to 4.2 GHz",No,NVIDIA MX 350 2GB GDDR5,1920 x 1080,-,1 Year,yes,"3-Cell Battery, 41WHr",Win 10,,Dell,https://neostore.com.np/assets/uploads/3511_131.jpg,https://neostore.com.np/assets/uploads/3511_241.jpg,https://neostore.com.np/assets/uploads/3511_351.jpg,https://neostore.com.np/assets/images/neologohigh.png
https://neostore.com.np/product-category/dell-laptops,Inspiron 15 5510 - i5-11300H | 8GB RAM |,https://neostore.com.np/assets/uploads/55202.jpg,https://neostore.com.np/product/inspiron-15-5510---i5-11300h-8gb-ram-512gb-ssd-intel-iris-xe-fhd-,"Rs.119,605 - Rs.121,105                        ","Fuel your connections.The Dell Inspiron 15 5510 i5 is a38.1 cm (15 inches) laptop designed to keep you connected with fast and smooth performance. This is fantastic for increasing productivity. Dell Inspiron5510Features the latesti511th Gen Intel® Core™ processorsthat provide an epic performance boost to your work!6-inch FHD (1920 x 1080) Anti-glare LED Backlight Non-touch Narrow Border WVA Display11th Generation Intel Core i5-11300H ProcessorIntel Iris Xe512GB M.2 PCIe NVMe Solid State Drive8GB, DDR4 RAMNote: There is an additional charge for laptop insurance.",Runs smooth. Looks sharp with Dell Inspiron 5510 Laptop!,8GB,11th,15.5 inch,512GB SSD,up to 4.50GHz,up to 4.50GHz,No,Intel Iris Xe,FHD (1920 x 1080),,1 Year Warranty,1 Year Insurance,"4-Cell Battery, 54WHr",Windows,,Inspiron,https://neostore.com.np/assets/uploads/541031.jpg,https://neostore.com.np/assets/uploads/5510-213.jpg,https://neostore.com.np/assets/uploads/5510-421.jpg,https://neostore.com.np/assets/images/neologohigh.png
https://neostore.com.np/product-category/dell-laptops,Dell  Inspiron G15 5520 - i5 12500H | 1,https://neostore.com.np/assets/uploads/5515_4.jpg,https://neostore.com.np/product/dell-inspiron-g15-5520---i5-12500h-16gb-512ssd-nvidia-rtx-3050-4gb-gddr6-fhd-win-11,"Rs.146,380                        ","With New Intel i5 - 12500H processor With 12-Core 16-Thread, 18MB Intel Smart Cache, and Turbo Boost up to 4.50GHz16GB DDR5 RAM512GB SSDNvidia RTX 3050 4GB GDDR6 GPU15.6″ Display with FHD (1920X1080) resolution",Dell Inspiron G15 5520 With The Latest 12th Gen Processor!,16GB DDR5,i5 12500H 12th Gen,"15.6"" FHD",512GB SSD,"18MB Cache, up to 4.5 GHz","18MB Cache, up to 4.5 GHz",No,NVIDIA RTX 3050 4GB GDDR6,1920x1080,Grey / Greem,1 Year,,"3-Cell Battery, 56WHr",Windows 11,1. SuperSpeed USB 3.2 Gen 12. SuperSpeed USB 3.2 Gen 13. USB Type-C port with DisplayPort with alt mode4. SuperSpeed USB 3.2 Gen 15. HDMI 2.16. Power in7. RJ458. Headphones/mic,Dell,https://neostore.com.np/assets/uploads/55202.jpg,https://neostore.com.np/assets/uploads/5520_3.jpg,https://neostore.com.np/assets/uploads/5520.jpg,https://neostore.com.np/assets/images/neologohigh.png
https://neostore.com.np/product-category/dell-laptops,Dell Inspiron G15 5515 - AMD Ryzen 7 580,https://neostore.com.np/assets/uploads/55152.jpg,https://neostore.com.np/product/dell-inspiron-g15-5515---amd-ryzen-7-5800h-16gb-512ssd-nvidia-rtx-3050ti-4gb-gddr6-fhd-win-11,"Rs.180,400                        ","AMD Ryzen 7 5800H processor With 8-Core 16-Thread, 16MB Intel Smart Cache, and Turbo Boost up to 4.4GHz16GB DDR4 RAM512GB SSDNvidia RTX 3050TI 4GB GDDR6 GPU15.6″ Display with FHD (1920X1080) resolution",DellInspiron G15 5515 - AMD Ryzen 7 5800HLaptop,16GB DDR4,AMD Ryzen 7 5000 Series,"15.6"" FHD",512GB SSD,"16MB Cache, up to 4.4 GHz","16MB Cache, up to 4.4 GHz",No,NVIDIA RTX 3050TI 4GB GDDR6,1920x1080,Grey,1 Year,,"6-Cell Battery, 86WHr",Windows 11,,Dell,https://neostore.com.np/assets/uploads/5515_4.jpg,https://neostore.com.np/assets/uploads/5515_32.jpg,https://neostore.com.np/assets/uploads/5515_22.jpg,https://neostore.com.np/assets/images/neologohigh.png
https://neostore.com.np/product-category/dell-laptops,Dell Inspiron G15 5515 - AMD Ryzen 7 580,https://neostore.com.np/assets/uploads/55113.jpg,https://neostore.com.np/product/dell-inspiron-g15-5515---amd-ryzen-7-5800h-8gb-8gb-512ssd-nvidia-rtx-3050-4gb-gddr6-fhd-win-11,"Rs.128,900                        ","Massive price drop!Get Rs. 50,000/- CASH BACK plus Dell Gaming Laptop Worth Rs. 6,000/- With Every Purchase!AMD Ryzen 7 5800H processor With 8-Core 16-Thread, 16MB Intel Smart Cache, and Turbo Boost up to 4.4GHz8GB DDR4 RAM512GB SSDNvidia RTX 3050 4GB GDDR6 GPU15.6″ Display with FHD (1920X1080) resolution",DellInspiron G15 5515 - AMD Ryzen 7 5800HLaptop,8GB DDR4,AMD Ryzen 7 5000 Series,"15.6"" FHD",512GB SSD,"16MB Cache, up to 4.4 GHz","16MB Cache, up to 4.4 GHz",No,NVIDIA RTX 3050 4GB GDDR6,1920x1080,Grey,1 Year,,"6-Cell Battery, 86WHr",Windows 11,,Dell,https://neostore.com.np/assets/uploads/55152.jpg,https://neostore.com.np/assets/uploads/5515_33.jpg,https://neostore.com.np/assets/uploads/5515_23.jpg,https://neostore.com.np/assets/images/neologohigh.png
https://neostore.com.np/product-category/dell-laptops,Dell Inspiron G15 5511 - i5 11400H | 16G,https://neostore.com.np/assets/uploads/5425_22.jpg,https://neostore.com.np/product/dell-inspiron-g15-5511---i5-11400h-16gb-512ssd-nvidia-rtx-3050-4gb-gddr6-fhd-win-11,"Rs.127,000                        ","OFFER! Massive price drop, plus RAM Upgraded to 16GB, Storage Upgraded to 512GB and a FREE Hifuture Colorbuds 2 Earbuds – don't miss out!Intel i5 11400H processor With 6-Core 12-Thread, 12MB Intel Smart Cache, and Turbo Boost up to 4.50GHz16GB DDR4 RAM512GB SSDNvidia RTX 3050 4GB GDDR6 GPU15.6″ Display with FHD (1920X1080) resolution",DellInspiron G15 5511 - i5 11400H,16GB DDR4,11th Gen,"15.6"" FHD",512GB SSD,"12MB Cache, up to 4.50 GHz","12MB Cache, up to 4.50 GHz",No,NVIDIA RTX 3050 4GB GDDR6,1920x1080,Green / Grey,1 Year,,"3-Cell Battery, 56WHr",Windows 11,,Dell,https://neostore.com.np/assets/uploads/55113.jpg,https://neostore.com.np/assets/uploads/5511_2.jpg,https://neostore.com.np/assets/uploads/5511_3.jpg,https://neostore.com.np/assets/images/neologohigh.png
https://neostore.com.np/product-category/dell-laptops,Dell Inspiron 14 5425 - AMD Ryzen 5 5625,https://neostore.com.np/assets/uploads/3511_461.jpg,https://neostore.com.np/product/dell-inspiron-14-5425---amd-ryzen-5-5625u-8gb-512ssd-radeon-graphics-fhd-win-11-office,"Rs.105,630 - Rs.107,130                        ","AMD Ryzen 5 5625U processor With 6-Core 12-Thread, 16MB Intel Smart Cache, and Turbo Boost up to 4.30GHz8GB DDR4 RAM512GB SSDAMD Radeon Graphics14″ Display with FHD (1920x1200) resolution",DellInspiron 14 5425 - AMD Ryzen 5 5625U,8GB DDR4,AMD Ryzen 5 5625U,"14"" FHD+",512GB SSD,"16MB Cache, up to 4.30 GHz","16MB Cache, up to 4.30 GHz",No,AMD® Radeon™ Graphics,1920x1200,Silver,1 Year,1 Year (Optional),"4-Cell Battery, 54WHr",Windows 11,,Dell,https://neostore.com.np/assets/uploads/5425_22.jpg,https://neostore.com.np/assets/uploads/5425_1.jpg,https://neostore.com.np/assets/uploads/5425_51.jpg,https://neostore.com.np/assets/images/neologohigh.png
https://neostore.com.np/product-category/dell-laptops,Dell Inspiron 15 3511 - i5 1135G7 | 8GB,https://neostore.com.np/assets/uploads/351118.jpg,https://neostore.com.np/product/dell-inspiron-15-3511---i5-1135g7-8gb-512ssd-intel-uhd-fhd-,"Rs.90,725 - Rs.91,725                        ","Intel i5 1135G7 processor With 4-Core 8-Thread, 8MB Intel Smart Cache and Turbo Boost up to 4.20GHz8GB DDR4 RAM512GB SSDIntel UHD GPU15.6″ WVA panel, FHD (1920×1080) resolution",DellInspiron 15 3511 - i5 1135G7,8GB DDR4,11th Gen,15.6 FHD,512GB SSD,"8MB Cache, up to 4.20 GHz","8MB Cache, up to 4.20 GHz",No,Intel UHD,1920 x 1080,Black / Silver / Blue,1 Year,1 Year (Optional),"3-Cell Battery, 41WHr",Windows 11,,Dell,https://neostore.com.np/assets/uploads/3511_461.jpg,https://neostore.com.np/assets/uploads/3511_28.jpg,https://neostore.com.np/assets/uploads/351113.jpg,https://neostore.com.np/assets/images/neologohigh.png
https://neostore.com.np/product-category/dell-laptops,Dell Inspiron 15 3511 - i3 1115G4 | 8GB,https://neostore.com.np/assets/uploads/351114.jpg,https://neostore.com.np/product/dell-inspiron-15-3511---i3-1115g4-8gb-256ssd-intel-uhd-fhd-win-11,"Rs.56,900 - Rs.57,900                        ","OFFER - Massive price drop, plus Free Hifuture Colorbuds 2 – don't miss out!Intel i3 1115G4  processor With 2-Core 4-Thread, 6MB Intel Smart Cache and Turbo Boost up to 4.10GHz8GB DDR4 2666MHz RAM256GB SSDIntel UHD GPU15.6″ WVA panel, FHD (1920×1080) resolution",DellInspiron 15 3511 - i3 1115G4,"8GB DDR4, 2666MHz",11th Gen,15.6 FHD,256GB SSD,"6MB Cache, up to 4.1 GHz","6MB Cache, up to 4.1 GHz",No,Intel UHD,1920 x 1080,Black/Silver/Blue,1 Year,1 Year (Optional),"3-Cell Battery, 41WHr",Windows 11,,Dell,https://neostore.com.np/assets/uploads/351118.jpg,https://neostore.com.np/assets/uploads/3511_37.jpg,https://neostore.com.np/assets/uploads/3511_27.jpg,https://neostore.com.np/assets/images/neologohigh.png
https://neostore.com.np/product-category/dell-laptops,Dell Inspiron 15 3511 | i5 1135G7 | 8GB,,https://neostore.com.np/product/dell-inspiron-15-3511-i5-1135g7-8gb-512ssd-nvidia-mx-350-2gb-gddr5-fhd-office-2019,"Rs.106,603 - Rs.107,603                        ",11th Gen i5 1135G7 Processor8GB RAM512GB SSDNvidia MX-350 2GB GDDR5 GPU15.6 inch FHD (1920 x 1080) Display,N/A,"8GB, 8GBx1, DDR4, 2666MHz",11th Gen,15.6 FHD,512GB SSD,"8MB Cache, up to 4.2 GHz","8MB Cache, up to 4.2 GHz",No,NVIDIA MX 350 2GB GDDR5,1920 x 1080,-,1 Year,Optional,"3-Cell Battery, 41WHr",,,Dell,https://neostore.com.np/assets/uploads/351114.jpg,https://neostore.com.np/assets/uploads/3511_26.jpg,https://neostore.com.np/assets/uploads/351111.jpg,https://neostore.com.np/assets/images/neologohigh.png
https://neostore.com.np/product-category/dell-laptops,Dell Alienware M15 R6 | i7 11800H | 32GB,https://neostore.com.np/assets/uploads/3515_121.jpg,https://neostore.com.np/product/dell-alienware-m15-r6-i7-11800h-32gb-ram-1tb-nvme-ssd-rtx-3070-gddr6-qhd-display-with-240hz,"Rs.299,999                        ","Now at Exclusive Rate!Intel i7 11800H processor With 8-Core 16-Thread, 24MB L3 Cache and Turbo Boost up to 4.6GHz32GB DDR4 3200MHz RAM1TB M.2 PCIe NVMe SSDNvidia GeForce RTX 3070 8GB GDDR615.6"" QHD (2560 x 1440) Display, 240Hz 2ms with ComfortView Plus, NVIDIA G-SYNC, and Advanced OptimusKiller Wi-fi 6 AX1650 (2x2) 802.11ax Wireless and Bluetooth6-Cell Battery. 86WHrAlienware mSeries 4-Zone AlienFX RGB Keyboard",DellAlienware M15 R6. Now In Nepal!,32GB,11th Gen,15.6 inches,1TB SSD,"8-Core, 24MB L3 Cache, up to 4.6GHz with Turbo Boost","8-Core, 24MB L3 Cache, up to 4.6GHz with Turbo Boost",,Nvidia Geforce RTX 3070 8GB GDDR6,2560 x 1440,,1 Year Warranty,Yes,,N/a,,Dell,https://neostore.com.np/assets/uploads/alien3.jpg,https://neostore.com.np/assets/uploads/alien_23.jpg,https://neostore.com.np/assets/uploads/alien_34.jpg,https://neostore.com.np/assets/images/neologohigh.png
https://neostore.com.np/product-category/dell-laptops,Dell Inspiron 15 3515 | AMD Ryzen 5 3450,https://neostore.com.np/assets/uploads/3515_21.jpg,https://neostore.com.np/product/dell-inspiron-15-3515-amd-ryzen-5-3450u-8gb-256ssd-radeon-vega-8-win-11-fhd,"Rs.78,755 - Rs.79,755                        ",15.6  inch FHD Display with 1920 x 1080p resolution @60HzPowered By AMD Ryzen 5 3450U8GB RAM with 256GB SSDComes with Radeon Vega 8 GraphicsAnti-Glare Screen,"A modern, thoughtful design.DellInspiron 15 3515",8GB DDR4,AMD 5 3250,15.6 Inch,256GB SSD,"4MB Cache, upto 3.5GHz","4MB Cache, upto 3.5GHz",No,AMD Radeon Vega 8,1920 x 1080 Full HD,-,1 Year,Optional,"3 Cell, 41 Wh, integrated",Windows 11,,Dell,https://neostore.com.np/assets/uploads/3515_121.jpg,https://neostore.com.np/assets/uploads/3515_12.jpg,https://neostore.com.np/assets/uploads/3515_22.jpg,https://neostore.com.np/assets/images/neologohigh.png
https://neostore.com.np/product-category/dell-laptops,Dell Inspiron 15 3515 | AMD Ryzen 3 3250,https://neostore.com.np/assets/uploads/3515_131.jpg,https://neostore.com.np/product/dell-inspiron-15-3515-amd-ryzen-3-3250u-8gb-256gb-ssd-radeon-graphics-fhd,"Rs.66,400 - Rs.67,400                        ",15.6  inch FHD Display with 1920 x 1080p resolution @60HzPowered By AMD Ryzen 3 3250U8GB RAM with 256GB SSDComes with Radeon GraphicsAnti-Glare Screen,"A modern, thoughtful design.DellInspiron 15 3515",8GB DDR4,AMD 3250,15.6 Inch,256GB SSD,"4MB Cache, 2.6GHz","4MB Cache, 2.6GHz",No,AMD Radeon,1920 x 1080 Full HD,-,1 Year,Optional,"3 Cell, 41 Wh, integrated",Windows 11,,Dell,https://neostore.com.np/assets/uploads/3515_21.jpg,https://neostore.com.np/assets/uploads/3515_11.jpg,https://neostore.com.np/assets/uploads/3515_31.jpg,https://neostore.com.np/assets/images/neologohigh.png
https://neostore.com.np/product-category/dell-laptops,Dell Inspiron 15 3515 | AMD Ryzen 3 3250,https://neostore.com.np/assets/uploads/latitude_3420_3.jpg,https://neostore.com.np/product/dell-inspiron-15-3515-amd-ryzen-3-3250u-4gb-1tb-radeon-graphics-fhd,"Rs.60,705 - Rs.61,705                        ",15.6  inch FHD Display with 1920 x 1080p resolution @60HzPowered By AMD Ryzen 3 3250U4GB RAM with 1TB Internal HDDComes with Radeon GraphicsAnti-Glare Screen,"A modern, thoughtful design.DellInspiron 15 3515",4GB DDR4,AMD 3250,15.6 Inch,1TB HDD,"4MB Cache, 2.6GHz","4MB Cache, 2.6GHz",No,AMD Radeon,1920 x 1080 Full HD,-,1 Year,Optional,"3 Cell, 41 Wh, integrated",Windows 11,,Dell,https://neostore.com.np/assets/uploads/3515_131.jpg,https://neostore.com.np/assets/uploads/3515_2.jpg,https://neostore.com.np/assets/uploads/3515_3.jpg,https://neostore.com.np/assets/images/neologohigh.png
https://neostore.com.np/product-category/dell-laptops,Dell Latitude 14 3420 | i5-1135G7 | 8GB,https://neostore.com.np/assets/uploads/vostro_3510_321.jpg,https://neostore.com.np/product/dell-latitude-14-3420-i5-1135g7-8gb-256gb-ssd-win-10,"Rs.124,065 - Rs.125,065                        ","Get a new Dell Latitude 3420 laptop with an Intel Core i5-1135G7 processor, 8GB DDR4 RAM (expandable), 256GB SSD storage, an SSD slot for storage expansion, a 14-inch IPS display, HD (720p) Webcam, and dual speakers.Note: There is an additional charge for laptop insurance.",N/A,8GB,11th,14inch,256GB SSD,"8 MB cache, 4 cores, 8 threads, 2.40 GHz to 4.20 GHz","8 MB cache, 4 cores, 8 threads, 2.40 GHz to 4.20 GHz",No,Intel® Iris® Xe,1920 x 1080,,1 Year,Optional,4 Cell 54Whr,Win 10,,Dell,https://neostore.com.np/assets/uploads/latitude_3420_3.jpg,https://neostore.com.np/assets/uploads/latitude_3420_2.jpg,https://neostore.com.np/assets/uploads/latitude_3420.jpg,https://neostore.com.np/assets/images/neologohigh.png
https://neostore.com.np/product-category/dell-laptops,Dell Vostro 3510 | i5-1135G7 | 8GB | 512,https://neostore.com.np/assets/uploads/53102.jpg,https://neostore.com.np/product/dell-vostro-3510-i5-1135g7-8gb-512gb-ssd-nvidia-mx350-2gb-ubuntu,"Rs.113,395 - Rs.114,395                        ","Thinner, Lighter, SmarterThis 15.6-inch laptop features 11th Gen Intel® Core Processors, giving you everything you need to maintain your small business productive and safe.",DellVostro 3510,"8 GB, 1 x 8 GB, DDR4",11th,15.6 inch HD,512GB SSD,"8 MB cache, 4 cores, 8 threads, up to 4.20 GHz","8 MB cache, 4 cores, 8 threads, up to 4.20 GHz",No,Nvidia MX350 2GB,1366 x 768,,1 Year,Optional,3 Cell 41Whr Capable Battery,Ubuntu,,Dell,https://neostore.com.np/assets/uploads/vostro_3510_321.jpg,https://neostore.com.np/assets/uploads/vostro_3510.jpg,https://neostore.com.np/assets/uploads/vostro_3510_2.jpg,https://neostore.com.np/assets/images/neologohigh.png
https://neostore.com.np/product-category/dell-laptops,Dell Inspiron 13 5310 | i5-11300H | 8GB,https://neostore.com.np/assets/uploads/Dell-G5-15-5515--AMD-Ryzen-7-Front113.jpg,https://neostore.com.np/product/dell-inspiron-13-5310-i5-11300h-8gb-512ssd-intel-iris-xe-fhd-office-2019,"Rs.123,405 - Rs.124,905                        ",Dell Inspiron 1313.3-inch IPS AG Non-Touch DisplayFHD (1920 x 1200) Display Resolution11th Generation Intel® Core i5-11300H Processor8GB Ram512GB SSDIntel® Iris® Xe Graphics,DellInspiron 13 5310,8GB,11th Gen,13.3 Inch,512GB SSD,"8MB Cache, up to 4.5GHz","8MB Cache, up to 4.5GHz",No,Intel Iris Xe,1920 x 1200,-,1 Year,Optional,"4-Cell Battery, 54WHr (Integrated)",,"1 USB 3.2 Gen 1 port, 1 Thunderbolt 4 (Type-C) port with Power Delivery, 1 Thunderbolt 4 (Type-C) port with Power Delivery, Primary-Power Port (Type-C PECOS), 1 headset (headphone and microphone combo) port, 1 HDMI 1.4b port",Dell,https://neostore.com.np/assets/uploads/53102.jpg,https://neostore.com.np/assets/uploads/5310.jpg1.jpg,https://neostore.com.np/assets/uploads/53101.jpg,https://neostore.com.np/assets/images/neologohigh.png
https://neostore.com.np/product-category/dell-laptops,Dell 15 G5 5515 |  AMD Ryzen 7-5800H | 1,https://neostore.com.np/assets/uploads/Dell-G5-15-5515--AMD-Ryzen-7-Front2.jpg,https://neostore.com.np/product/dell-15-g5-5515-amd-ryzen-7-5800h-16gb-512ssd-nvidia-rtx-3050-ti-4gb-gddr6-fhd-office-2019,"Rs.174,705                        ","Boost Your AbilityThis 15.6-inch gaming laptop is powered by AMD Ryzen 5000 H-Series Mobile Processors, NVIDIA® GeForce® graphics, and Game Shift technology.",NewDell15 G5 5515 For More Gaming,,,,,,,,,,,,,,,,Dell,https://neostore.com.np/assets/uploads/Dell-G5-15-5515--AMD-Ryzen-7-Front113.jpg,https://neostore.com.np/assets/uploads/Dell-G5-15-5515--AMD-Ryzen-7-FrontSlanted1.jpg,https://neostore.com.np/assets/uploads/Dell-G5-15-5515--AMD-Ryzen-7-slanted2.jpg,https://neostore.com.np/assets/images/neologohigh.png
https://neostore.com.np/product-category/dell-laptops,Dell G5-15 5515 | AMD Ryzen 5-5600H | 8G,https://neostore.com.np/assets/uploads/5515_6.jpg,https://neostore.com.np/product/dell-g5-15-5515-amd-ryzen-5-5600h-8gb-256ssd-nvidia-rtx-3050-4gb-gddr6-fhd-office-2019,"Rs.134,805                        ",AMD Ryzen-5 5600H8GB RAM256GB SSDNvidia RTX 3050 4GB GDDR6 GPU,Take-Home NewDellG5-15 5515,"8GB, 1x8GB, DDR4, 3200MHz",5000 Series,15.6 Inch,256GB M.2 PCIe NVMe Solid State Drive,Up to 4.20 GHz,Up to 4.20 GHz,No,NVIDIA RTX 3050 4GB GDDR6,1920 x 1080,-,1 Year,Optional,"3-Cell Battery, 56WHr (Integrated)",Win 11,1. USB 2.0 | 2. USB 2.0 with PowerShare | 3. USB Type-C® | 4. SuperSpeed USB 3.2 | 5. HDMI | 6. Power In | 7. RJ45 Ethernet | 8. Headphones/Microphone,Dell,https://neostore.com.np/assets/uploads/Dell-G5-15-5515--AMD-Ryzen-7-Front2.jpg,https://neostore.com.np/assets/uploads/Dell-G5-15-5515--AMD-Ryzen-7-Front.jpg,https://neostore.com.np/assets/uploads/Dell-G5-15-5515--AMD-Ryzen-7-Flying.jpg,https://neostore.com.np/assets/images/neologohigh.png
https://neostore.com.np/product-category/dell-laptops,Dell G5 15 5515 | AMD Ryzen 7-5800H | 8G,https://neostore.com.np/assets/uploads/g5-15.jpg,https://neostore.com.np/product/dell-g5-15-5515-amd-ryzen-7-5800h-8gb-512ssd-nvidia-rtx-3050-4gb-gddr6-fhd-office-2019,"Rs.160,455                        ","Power Up Your SkillAMD Ryzen 5000 H-Series Mobile Processors, NVIDIA® GeForce® graphics, and Game Shift technology power this 15.6-inch gaming laptop.",Buy NewDellG5 15 5515,8GB,5000 Series,15.6 Inch,512GB SSD,Up to 4.20 GHz,Up to 4.20 GHz,No,NVIDIA RTX 3050 4GB GDDR6,1920 x 1080,-,1 Year,Optional,"6-Cell Battery, 86WHr (Integrated)",Win 11,1. USB 2.0 | 2. USB 2.0 with PowerShare | 3. USB Type-C® | 4. SuperSpeed USB 3.2 | 5. HDMI | 6. Power In | 7. RJ45 Ethernet | 8. Headphones/Microphone,Dell,https://neostore.com.np/assets/uploads/5515_6.jpg,https://neostore.com.np/assets/uploads/Dell-G5-15-5515--AMD-Ryzen-7-slanted.jpg,https://neostore.com.np/assets/uploads/Dell-G5-15-5515--AMD-Ryzen-7-Tilted.jpg,https://neostore.com.np/assets/images/neologohigh.png
https://neostore.com.np/product-category/dell-laptops,Dell G5-15 5511 | i7-11800H | 16GB | 512,https://neostore.com.np/assets/uploads/55111.jpg,https://neostore.com.np/product/dell-g5-15-5511-i7-11800h-16gb-512ssd-nvidia-rtx-3050-4gb-gddr6-fhd,"Rs.159,999                        ","Pay Less and Get More! Exclusive Price plus RAM Upgraded to 16GB instead of 8GB!!!!15.6 Gaming Laptop FHD (1920 x 1080)@ 120HzAnti-Glare LED Backlit16GB Ram (Includes Added 8GB) + 512GB SSDNVIDIA® GeForce RTX 3050-4GB GDDR63-Cell Battery, 56WHr",NewDellG5-15 5511 Gaming Laptop,8GB + 8GB DDR4 2933MHz,11th Gen,15.6 Inch,512GB M.2 PCIe NVMe Solid State Drive,"12MB Cache, up to 4.5 GHz, 6 cores","12MB Cache, up to 4.5 GHz, 6 cores",No,NVIDIA RTX 3050- 4GB,1920 x 1080 Full HD,-,1 Year,N/a,"3-Cell Battery, 56WHr (Integrated)",Win 11,,Dell,https://neostore.com.np/assets/uploads/g5-15.jpg,https://neostore.com.np/assets/uploads/Dell-G5-15-5511--Front12.jpg,https://neostore.com.np/assets/uploads/Dell-G5-15-55112.jpg,https://neostore.com.np/assets/images/neologohigh.png
https://neostore.com.np/product-category/dell-laptops,Dell-15 G5 5511 | i7-11800H | 16GB | 512,https://neostore.com.np/assets/uploads/5415_311.jpg,https://neostore.com.np/product/dell-15-g5-5511-i7-11800h-16gb-512ssd-nvidia-rtx-3050-ti-4gb-gddr6-fhd-office-2019,"Rs.193,705                        ","15.6 Gaming Laptop FHD (1920 x 1080)@ 120HzAnti-Glare LED Backlit16GB Ram + 512GB SSDNVIDIA® GeForce RTX 3050 Ti-4GB GDDR63-Cell Battery, 56WHrOffice 2019","With the newDell-15 G5 5511, you can up your game.","16GB, 2x8GB, DDR4, 3200MHz",11th Gen,15.6 Inch,512GB M.2 PCIe NVMe Solid State Drive,"24MB Cache, up to 4.6 GHz, 8 cores","24MB Cache, up to 4.6 GHz, 8 cores",No,NVIDIA RTX 3050 Ti- 4GB,1920 x 1080 Full HD,-,1 Year,N/a,"3-Cell Battery, 56WHr (Integrated)",Win 11,,Dell-15,https://neostore.com.np/assets/uploads/55111.jpg,https://neostore.com.np/assets/uploads/Dell-G5-15-55111.jpg,https://neostore.com.np/assets/uploads/Dell-G5-15-5511--Front11.jpg,https://neostore.com.np/assets/images/neologohigh.png
https://neostore.com.np/product-category/dell-laptops,Dell Inspiron 14 5415 - AMD Ryzen 7 5700,https://neostore.com.np/assets/uploads/5515_211.jpg,https://neostore.com.np/product/dell-inspiron-14-5415---amd-ryzen-7-5700u-8gb-512ssd-radeon-graphics-win-10-ms-office,"Rs.117,705 - Rs.119,205                        ","Dell Inspiron 14 5415AMD Ryzen™ 5 5700U 8-core/16-thread Mobile Processor with Radeon™ GraphicsAMD Radeon™ Graphics with the shared graphics memory8GB, 1x8GB, DDR4, 3200MHz512GB M.2 PCIe NVMe Solid State Drive",DellInspiron 14 5415.Ready when you are!,8GB,5000 Series,14 Inch,512GB SSD,4.3GHz,4.3GHz,No,AMD Radeon,1920 x 1080,-,1 Year,Optional,"4-cell polymer, 54 Wh",Win 10,"2x USB Type-A,  1x USB Type-C, HDMI, Card reader, Ethernet LAN, Audio jack",Dell,https://neostore.com.np/assets/uploads/5415_311.jpg,https://neostore.com.np/assets/uploads/5415_1.jpg,https://neostore.com.np/assets/uploads/5415_211.jpg,https://neostore.com.np/assets/images/neologohigh.png
https://neostore.com.np/product-category/dell-laptops,Dell Inspiron 15 5515 | AMD Ryzen 7-5700,https://neostore.com.np/assets/uploads/5515_2.jpg,https://neostore.com.np/product/dell-inspiron-15-5515-amd-ryzen-7-5700u-8gb-512ssd-radeon-graphics-fhd-office-2019,"Rs.116,755 - Rs.118,255                        ",AMD Ryzen 7 5700U Processor8GB RAM512GB SSDIntegrated Radeon Graphics,BuyDell5515 Ryzen 7 For Faster Performance,8GB,5000 Series,15.6 Inch,512GB SSD,4.2 GHz,4.2 GHz,No,AMD Radeon™ Graphics,(1920 x 1080) FHD,-,1 Year,optional,"4-Cell Battery, 54WHr (Integrated)",Win 10 Home,,Dell,https://neostore.com.np/assets/uploads/5515_211.jpg,https://neostore.com.np/assets/uploads/5515_21.jpg,https://neostore.com.np/assets/uploads/55151.jpg,https://neostore.com.np/assets/images/neologohigh.png
https://neostore.com.np/product-category/dell-laptops,Dell Inspiron 15 5515 | AMD Ryzen 5-5500,https://neostore.com.np/assets/uploads/5510-23.jpg,https://neostore.com.np/product/dell-inspiron-15-5515-amd-ryzen-5-5500u-8gb-256ssd-radeon-graphics-fhd-office-2019,"Rs.93,005 - Rs.94,505                        ",Boost Your Connection38.1cm (15 inches) laptop designed to keep you connected with quick and smooth performance. This is fantastic for increasing productivity. AMD RyzenTM 5000 Series CPUs are included.Note: There is an additional charge for laptop insurance.,Buy NewDellInspiron 15-5515 AMD Ryzen 5,8GB,11th Gen,15.6 Inch,256GB SSD,3.2GHz,3.2GHz,No,AMD Radeon™ Graphics,(1920 x 1080) FHD,-,1 Year,N/a,"4-Cell Battery, 54WHr (Integrated)",Win 10 Home,,Dell,https://neostore.com.np/assets/uploads/5515_2.jpg,https://neostore.com.np/assets/uploads/5515_3.jpg,https://neostore.com.np/assets/uploads/5515.jpg,https://neostore.com.np/assets/images/neologohigh.png
https://neostore.com.np/product-category/dell-laptops,Dell Inspiron 15 5510 | i7-11370H | 8GB,https://neostore.com.np/assets/uploads/vostro_3510_111.jpg,https://neostore.com.np/product/dell-inspiron-15-5510-i7-11370h-8gb-512ssd-intel-iris-xe-fhd-office-2019,"Rs.129,105 - Rs.130,605                        ","Fuel your connectionsThe Dell Inspiron 15 5510 i7 is a 38.1 cm (15 inch) laptop that keeps you connected while providing quick and smooth performance. This is a terrific way to boost productivity. The newest i7 11th Gen Intel® Core CPUs are included in the Dell Inspiron 5510, providing an incredible performance boost to your work!",N/A,8GB,11th,15.6 inch,512GB SSD,"12MB Cache, up to 5.0GHz","12MB Cache, up to 5.0GHz",No,Intel® Iris® Xe Graphics,FHD (1920 x 1080),,1 Year,1 Year,"4-Cell Battery, 54WHr (Integrated)",Windows 10,,Dell,https://neostore.com.np/assets/uploads/5510-23.jpg,https://neostore.com.np/assets/uploads/5510-41.jpg,https://neostore.com.np/assets/uploads/5510-2.jpg,https://neostore.com.np/assets/images/neologohigh.png
https://neostore.com.np/product-category/dell-laptops,Dell Vostro 15 3510 | i3-1115G4 | 8GB |,https://neostore.com.np/assets/uploads/351115.jpg,https://neostore.com.np/product/dell-vostro-15-3510-i3-1115g4-8gb-256ssd-ubt,"Rs.73,625 - Rs.74,625                        ","Growth is the aimThis 15.6-inch laptop delivers the fundamentals you need to keep your small company productive and safe, thanks to 11th Gen Intel® Core Processors.",N/A,8GB,11th,15 inch,256GB SSD,"6MB Cache, up to 4.1 GHz","6MB Cache, up to 4.1 GHz",No,Intel UHD,1920 x 1080,,1 Year,Optional,"3-Cell Battery, 41WHr (Integrated)",Ubuntu,,Dell,https://neostore.com.np/assets/uploads/vostro_3510_111.jpg,https://neostore.com.np/assets/uploads/dell_vostro_15_3510_22.jpg,https://neostore.com.np/assets/uploads/dell_vostro_15_3510_42.jpg,https://neostore.com.np/assets/images/neologohigh.png
https://neostore.com.np/product-category/dell-laptops,Dell Inspiron 15 3511 | i7-1165G7 | 8GB,https://neostore.com.np/assets/uploads/3511_332.jpg,https://neostore.com.np/product/dell-inspiron-15-3511-i7-1165g7-8gb-512ssd-nvidia-mx-350-2gb-gddr5-fhd-office-2019,"Rs.122,455 - Rs.123,455                        ",Operating SystemYou get the best of both worlds with this combination of Windows System functionality and cutting new possibilities.,N/A,"8GB, 8GBx1, DDR4, 2666MHz",11th Gen,15.6 FHD,512GB M.2 PCIe NVMe Solid State Drive,"12MB Cache, up to 4.7 GHz","12MB Cache, up to 4.7 GHz",No,NVIDIA MX 350 2GB GDDR5,1920 x 1080,-,1 Year,Optional,"3-Cell Battery, 41WHr",Win 10 Home,,Dell,https://neostore.com.np/assets/uploads/351115.jpg,https://neostore.com.np/assets/uploads/3511_-25.jpg,https://neostore.com.np/assets/uploads/3511_-43.jpg,https://neostore.com.np/assets/images/neologohigh.png
https://neostore.com.np/product-category/dell-laptops,Dell Inspiron 15 3511 | i5 1135G7 | 4GB,https://neostore.com.np/assets/uploads/3511_52121.jpg,https://neostore.com.np/product/dell-inspiron-15-3511-i5-1135g7-4gb-1tb-nvidia-mx-350-2gb-gddr5-fhd-,"Rs.90,113 - Rs.91,113                        ",Intel i5 1135G7 Processor4GB RAM1TB HDDNvidia MX-350 2GB GDDR5 GPU,N/A,"4GB, 4Gx1, DDR4, 2666MHz",11th Gen,15.6 FHD,1TB HDD,"8MB Cache, up to 4.2 GHz","8MB Cache, up to 4.2 GHz",No,NVIDIA MX 350 2GB GDDR5,1920 x 1080,-,1 Year,Optional,"3-Cell Battery, 41WHr",Win 10 Home,,Dell,https://neostore.com.np/assets/uploads/3511_332.jpg,https://neostore.com.np/assets/uploads/3511_23.jpg,https://neostore.com.np/assets/uploads/3511_53.jpg,https://neostore.com.np/assets/images/neologohigh.png
https://neostore.com.np/product-category/dell-laptops,Dell Inspiron 15 3511 | i5-1135G7 | 8GB,https://neostore.com.np/assets/uploads/3511_342.jpg,https://neostore.com.np/product/dell-inspiron-15-3511-i5-1135g7-8gb-1tb-intel-iris-xe-fhd-office-2019,"Rs.87,203 - Rs.88,203                        ",Intel i5-1135G7 Processor8GB RAM1TB HDDIntel Iris Xe GPU,N/A,"8GB, 8GBx1, DDR4, 2666MHz",11th Gen,15.6 FHD,1TB HDD,"8MB Cache, up to 4.2 GHz","8MB Cache, up to 4.2 GHz",No,Intel Iris Xe,1920 x 1080,-,1 Year,Optional,"3-Cell Battery, 41WHr",Win 10 Home,,Dell,https://neostore.com.np/assets/uploads/3511_52121.jpg,https://neostore.com.np/assets/uploads/3511_12.jpg,https://neostore.com.np/assets/uploads/3511_42.jpg,https://neostore.com.np/assets/images/neologohigh.png
https://neostore.com.np/product-category/dell-laptops,Dell Inspiron 15 3511 | i5-1135G7 | 8GB,https://neostore.com.np/assets/uploads/3511_312.jpg,https://neostore.com.np/product/dell-inspiron-15-3511-i5-1135g7-8gb-1tb-intel-iris-xe-fhd,"Rs.85,265 - Rs.86,265                        ","Operating SystemWith this blend of traditional Windows functionality and cutting-edge new features, you get the best of both worlds.",N/A,"8GB, 8GBx1, DDR4, 2666MHz",11th Gen,15.6 FHD,1TB HDD,"8MB Cache, up to 4.2 GHz","8MB Cache, up to 4.2 GHz",No,Intel Iris Xe,1920 x 1080,-,1 Year,Optional,"3-Cell Battery, 41WHr",Win 10 Home,,Dell,https://neostore.com.np/assets/uploads/3511_342.jpg,https://neostore.com.np/assets/uploads/3511_5.jpg,https://neostore.com.np/assets/uploads/3511_2.jpg,https://neostore.com.np/assets/images/neologohigh.png
https://neostore.com.np/product-category/dell-laptops,Dell Inspiron 15 3511 | i3 1115G4 | 4GB,https://neostore.com.np/assets/uploads/5411_31.jpg,https://neostore.com.np/product/dell-inspiron-15-3511-i3-1115g4-4gb-1tb-intel-uhd-fhd-ubuntu,"Rs.62,955 - Rs.63,955                        ",Latest Operating SystemGet the best of both worlds by combining old Windows capabilities with intriguing new features.,N/A,"4GB, 4Gx1, DDR4, 2666MHz",11th Gen,15.6 FHD,1TB HDD,"6MB Cache, up to 4.1 GHz","6MB Cache, up to 4.1 GHz",No,Intel UHD,1920 x 1080,-,1 Year,1 Year,"3-Cell Battery, 41WHr",Ubuntu,,Dell,https://neostore.com.np/assets/uploads/3511_312.jpg,https://neostore.com.np/assets/uploads/3511_21.jpg,https://neostore.com.np/assets/uploads/3511_11.jpg,https://neostore.com.np/assets/images/neologohigh.png
https://neostore.com.np/product-category/dell-laptops,Dell Latitude 14 5411 | i5-10300H | 8GB,https://neostore.com.np/assets/uploads/5411_2.jpg,https://neostore.com.np/product/dell-latitude-14-5411-i5-10300h-8gb-512gb-ssd-intel-uhd-win-10,"Rs.143,925 - Rs.145,425                        ","High performance, Highly intelligentYou can work faster wherever you are with the world's most powerful 14-inch mainstream business laptop, including high-performance Intel® 10th Gen vPro® processors. Our most scalable laptops are now the most intelligent, thanks to Dell Optimizer's built-in AI.Note: There is an additional charge for laptop insurance.",N/A,8GB,10th,14 Inch,512GB SSD,2.50 - 4.50 GHz,2.50 - 4.50 GHz,No,Intel UHD,1920 x 1080,,1 Year,1 Year,3 Cell 51Whr Capable Battery,Win 10,,Dell,https://neostore.com.np/assets/uploads/5411_31.jpg,https://neostore.com.np/assets/uploads/5411_21.jpg,https://neostore.com.np/assets/uploads/54111.jpg,https://neostore.com.np/assets/images/neologohigh.png
https://neostore.com.np/product-category/dell-laptops,Dell Latitude 5411 | i5-10300H | 8GB | 5,https://neostore.com.np/assets/uploads/3510_5.jpg,https://neostore.com.np/product/dell-latitude-5411-i5-10300h-8gb-512gb-ssd-intel-uhd-ubuntu,"Rs.133,000 - Rs.134,500                        ","High performance, Highly intelligentWith the world's most powerful 14-inch mainstream business laptop, incorporating high-performance Intel® 10th Gen vPro® processors, you can work quicker wherever you are. With Dell Optimizer's built-in AI, our most scalable laptops are now the most intelligent.Note: There is an additional charge for laptop insurance.",N/A,8GB,10th,14 Inch,512GB SSD,2.50 - 4.50 GHz,2.50 - 4.50 GHz,No,Intel UHD,1920 x 1080,,1 Year,1 Year,3 Cell 51Whr Capable Battery,Ubuntu,,Dell,https://neostore.com.np/assets/uploads/5411_2.jpg,https://neostore.com.np/assets/uploads/5411.jpg,https://neostore.com.np/assets/uploads/5411_3.jpg,https://neostore.com.np/assets/images/neologohigh.png
https://neostore.com.np/product-category/dell-laptops,Dell Latitude 15 3510 | i7-10510U | 8GB,https://neostore.com.np/assets/uploads/3510_3.jpg,https://neostore.com.np/product/dell-latitude-15-3510-i7-10510u-8gb-500gb-hdd-ubuntu,"Rs.116,305 - Rs.117,305                        ","Business Laptop: One of a kindThe world's smallest 15-inch business laptop, with the first-of-its-kind Dell Optimizer AI that adapts to your working style no matter where you are.Note: There is an additional charge for laptop insurance.",N/A,8GB,10th,15.6 inch HD,500GB HDD,"4 Core, 12M cache, base 2.8GHz, up to 4.7GHz","4 Core, 12M cache, base 2.8GHz, up to 4.7GHz",No,Intel UHD,1366 x 768,,1 Year,Optional,3 Cell 54Whr Capable Battery,Ubuntu,,Dell,https://neostore.com.np/assets/uploads/3510_5.jpg,https://neostore.com.np/assets/uploads/3510_31.jpg,https://neostore.com.np/assets/uploads/3510_41.jpg,https://neostore.com.np/assets/images/neologohigh.png
https://neostore.com.np/product-category/dell-laptops,Dell Latitude 15 3510 | i5-10210U | 4GB,https://neostore.com.np/assets/uploads/3420.jpg,https://neostore.com.np/product/dell-latitude-15-3510-i5-10210u-4gb-1tb-fedora-,"Rs.82,355 - Rs.83,355                        ","Thinner, Lighter, SmarterThe world's smallest 15-inch essential business notebook, with the first-of-its-kind Dell Optimizer AI that adapts to your working style no matter where you are.Note: There is an additional charge for laptop insurance.",N/A,4GB,10th,15.6 inch HD,1TB HDD,"4 Core, 6M cache, base 1.6GHz, up to4.2GHz","4 Core, 6M cache, base 1.6GHz, up to4.2GHz",No,Intel UHD,1366 x 768,,1 Year,Optional,3 Cell 54Whr Capable Battery,Fedora Linux,,Dell,https://neostore.com.np/assets/uploads/3510_3.jpg,https://neostore.com.np/assets/uploads/3510_1.jpg,https://neostore.com.np/assets/uploads/3510_2.jpg,https://neostore.com.np/assets/images/neologohigh.png
https://neostore.com.np/product-category/dell-laptops,Dell Latitude 14 3420 | i5-1135G7 | 8GB,https://neostore.com.np/assets/uploads/3420_21.jpg,https://neostore.com.np/product/dell-latitude-14-3420-i5-1135g7-8gb-256gb-ssd-fedora,"Rs.95,933 - Rs.96,933                        ","Get new Dell Latitude 3420 with Intel Core i5-1135G7 CPU, 8GB DDR4 RAM (expandable), 256GB SSD Storage, SSD Slot for storage extension, 14-inch IPS display, HD (720p) Webcam & Dual speakers.Note: There is an additional charge for laptop insurance.",N/A,8GB,11th,14inch,256GB SSD,"4 Core, 8M cache, base 2.4GHz, up to 4.2GHz","4 Core, 8M cache, base 2.4GHz, up to 4.2GHz",No,Intel® Iris® Xe,1920 x 1080,,1 Year,Optional,3 Cell 40Whr Capable Battery,Fedora,,Dell,https://neostore.com.np/assets/uploads/3420.jpg,https://neostore.com.np/assets/uploads/3420_2.jpg,https://neostore.com.np/assets/uploads/3420_1.jpg,https://neostore.com.np/assets/images/neologohigh.png
https://neostore.com.np/product-category/dell-laptops,Dell Latitude 14 3420 | i7-1165G7 | 8GB,https://neostore.com.np/assets/uploads/53103.jpg,https://neostore.com.np/product/dell-latitude-14-3420-i7-1165g7-8gb-1tb-fedora,"Rs.120,185 - Rs.121,185                        ","8GB Ram, 1X8 GB 3200MHz DDR41TB 5400 RPM HDDIntel® Iris® Xe graphicsi7-1165G7 processorStereo speakers with Realtek AudioNote: There is an additional charge for laptop insurance.",N/A,8GB,11th,14inch,1TB HDD,"4 Core, 12M Cache, base 2.8 GHz, up to 4.7 GHz","4 Core, 12M Cache, base 2.8 GHz, up to 4.7 GHz",No,Intel® Iris® Xe,1920 x 1080,,1 Year,Optional,4 Cell 54Whr Capable Battery,Fedora,,Dell,https://neostore.com.np/assets/uploads/3420_21.jpg,https://neostore.com.np/assets/uploads/3420_11.jpg,https://neostore.com.np/assets/uploads/34201.jpg,https://neostore.com.np/assets/images/neologohigh.png
https://neostore.com.np/product-category/dell-laptops,Dell Inspiron 13 5310 | i7 11370H | 8GB,https://neostore.com.np/assets/uploads/351132.jpg,https://neostore.com.np/product/dell-inspiron-13-5310-i7-11370h-8gb-512ssd-intel-iris-xe-graphics-qhd,"Rs.142,405 - Rs.143,905                        ","Maximize your viewThe Inspiron 13 5310 i7 has a built-in TUV Low Blue Light Hardware Solution. As a result, you may enjoy the gorgeous image for a longer period of time without causing eye difficulties. Dolby Vision on a 16:10 display with extra panels to browse, read, or watch on. Everything is enclosed inside slender, four-sided tight borders.",N/A,8GB,11th Gen,13.3 Inch,512GB SSD,"12MB Cache, up to 5.0GHz","12MB Cache, up to 5.0GHz",No,Intel® Iris® Xe,"2560 x 1440, 60 Hz",-,1 Year,1 Year,"4-cell, 54 WHr polymer",Win 10 Home,,Dell,https://neostore.com.np/assets/uploads/53103.jpg,https://neostore.com.np/assets/uploads/5310-2.jpg,https://neostore.com.np/assets/uploads/5310-1.jpg,https://neostore.com.np/assets/images/neologohigh.png
https://neostore.com.np/product-category/dell-laptops,Dell Inspiron 15 3511 | i7 1165G7 | 8GB,https://neostore.com.np/assets/uploads/351117.jpg,https://neostore.com.np/product/dell-inspiron-15-3511-i7-1165g7-8gb-512ssd-nvidia-mx-350-2gb-gddr5-fhd,"Rs.119,605 - Rs.120,605                        ","Operating SystemWith this combo of windows System functionality and slashing new capabilities, you get the best of both worlds.",N/A,"8GB, 8GBx1, DDR4, 2666MHz",11th Gen,15.6 FHD,512GB M.2 PCIe NVMe Solid State Drive,"12MB Cache, up to 4.7 GHz","12MB Cache, up to 4.7 GHz",No,NVIDIA MX 350 2GB GDDR5,1920 x 1080,-,1 Year,1 Year,"3-Cell Battery, 41WHr",Win 10 Home,,Dell,https://neostore.com.np/assets/uploads/351132.jpg,https://neostore.com.np/assets/uploads/3511_-34.jpg,https://neostore.com.np/assets/uploads/3511_-24.jpg,https://neostore.com.np/assets/images/neologohigh.png
https://neostore.com.np/product-category/dell-laptops,Dell Inspiron 15 3511 | i3 1115G4 | 4GB,https://neostore.com.np/assets/uploads/XPS_5.jpg,https://neostore.com.np/product/dell-inspiron-15-3511-i3-1115g4-4gb-256ssd-intel-uhd-fhd-office-2019,"Rs.66,833 - Rs.67,833                        ",Latest Operating SystemGet the best of both worlds: traditional Windows functionality and innovative new features.,N/A,"4GB, 4Gx1, DDR4, 2666MHz",11th Gen,15.6 FHD,256GB M.2 PCIe NVMe,"6MB Cache, up to 4.1 GHz","6MB Cache, up to 4.1 GHz",No,Intel UHD,1920 x 1080,-,1 Year,1 Year,"3-Cell Battery, 41WHr",Win 10 Home,,Dell,https://neostore.com.np/assets/uploads/351117.jpg,https://neostore.com.np/assets/uploads/35111.jpg,https://neostore.com.np/assets/uploads/3511_-41.jpg,https://neostore.com.np/assets/images/neologohigh.png
https://neostore.com.np/product-category/dell-laptops,Dell XPS 15 9510 | i7-11800H | 16GB | 1T,,https://neostore.com.np/product/dell-xps-15-9510-i7-11800h-16gb-1tb-ssd-nvidia-geforce-rtx-3050ti-4gb-gddr6-bkl-kb-fpr-touch,"Rs.368,500                        ","Intel® Core i7-11800H (24MB Cache, up to 4.6 GHz, 8 cores)NVIDIA® GeForce RTX™ 3050 Ti 4GB GDDR616GB, 8GBx2, DDR4, 3200MHz1TB M.2 PCIe NVMe Solid State DriveQuad-speaker design with 2.5W x2 woofers1.5W x2 tweeters = 8W total peak output",N/A,"16GB, 8GBx2, DDR4, 3200MHz",11th Gen,"15.6"" FHD+",1TB M.2 PCIe NVMe Solid State Drive,"24MB Cache, up to 4.6 GHz, 8 cores","24MB Cache, up to 4.6 GHz, 8 cores",Yes,NVIDIA® GeForce RTX™ 3050 Ti 4GB GDDR6,1920 x 1200,-,1 Year,1 Year,"6-Cell Battery, 86WHr (Integrated)",Win 10 Home,,Dell,https://neostore.com.np/assets/uploads/XPS_5.jpg,https://neostore.com.np/assets/uploads/XPS_i7_16gb.jpg,https://neostore.com.np/assets/uploads/XPS_i7_16gb3.jpg,https://neostore.com.np/assets/images/neologohigh.png
https://neostore.com.np/product-category/dell-laptops,Dell XPS 15 9510 |  I7-11800H | 16GB | 1,https://neostore.com.np/assets/uploads/5510_offer.jpg,https://neostore.com.np/product/dell-xps-15-9510-i7-11800h-16gb-1tb-ssd-nvidia-geforce-rtx-3050ti-4gb-gddr6-bkl-kb-fpr-fhd-ips,"Rs.324,950                        ","Intel® Core i7-11800H (24MB Cache, up to 4.6 GHz, 8 cores)NVIDIA® GeForce RTX™ 3050 Ti 4GB GDDR616GB, 8GBx2, DDR4, 3200MHz1TB M.2 PCIe NVMe Solid State DriveQuad-speaker design with 2.5W x2 woofers1.5W x2 tweeters = 8W total peak output",N/A,"16GB, 8GBx2, DDR4, 3200MHz",11th Gen,15.6 FHD IPS,1TB M.2 PCIe NVMe Solid State Drive,"24MB Cache, up to 4.6 GHz, 8 cores","24MB Cache, up to 4.6 GHz, 8 cores",No,NVIDIA GeForce RTX 3050Ti 4GB GDDR6,1920 x 1200,-,1 Year,1 Year,"6-Cell Battery, 86WHr (Integrated)",Win 10 Home,,Dell,https://neostore.com.np/assets/uploads/XPS_i7_16gb2111.jpg,https://neostore.com.np/assets/uploads/XPS_1.jpg,https://neostore.com.np/assets/uploads/XPS_i7_16gb1.jpg,https://neostore.com.np/assets/images/neologohigh.png
https://neostore.com.np/product-category/dell-laptops,Dell Inspiron 15 5510 - i5-11300H | 8GB,https://neostore.com.np/assets/uploads/download12.jpg,https://neostore.com.np/product/dell-inspiron-15-5510---i5-11300h-8gb-ram-256gb-ssd-intel-iris-xe-graphics-fhd-office,"Rs.92,900                        ",Price Drop Alert!Inspiron 15 5510 NotebookIntel i5 11300H Processor (quad-core processor with turbo clock speeds going up to 4.4GHz)8GB DDR4 RAM256GB SSDIntel Iris Xe GPU15.6 Inch (1920 x 1080) FHD DisplayFree Insurance!,DellInspiron 5510 Laptop,8GB,11th,15.5 inch,256GB SSD,up to 4.4GHz,up to 4.4GHz,No,Intel Iris Xe,FHD (1920 x 1080),,1 Year Warranty,1 Year Insurance,"4-Cell Battery, 54WHr",Windows,,Dell,https://neostore.com.np/assets/uploads/5510_offer.jpg,https://neostore.com.np/assets/uploads/5510-24.jpg,https://neostore.com.np/assets/uploads/5510-42.jpg,https://neostore.com.np/assets/images/neologohigh.png
https://neostore.com.np/product-category/dell-laptops,Inspiron 15 5510 -  i7-11370H | 8GB | 51,https://neostore.com.np/assets/uploads/55053.jpg,https://neostore.com.np/product/inspiron-15-5510---i7-11370h-8gb-512ssd-nvidia-geforce-mx450-2gb-gddr5,"Rs.139,555 - Rs.141,055                        ","Fuel your connections.The Dell Inspiron 15 5510 i7 is a38.1 cm (15 inches) laptop designed to keep you connected with fast and smooth performance. This is fantastic for increasing productivity. Dell Inspiron5510Features the latesti711th Gen Intel® Core™ processorsthat provide an epic performance boost to your work!15.6-inch FHD (1920 x 1080) Anti-glare LED Backlight Non-touch Narrow Border WVA Display11th Generation Intel Core i7-11370H ProcessorNVIDIA GeForce MX450 with 2GB GDDR5 graphics memory512GB M.2 PCIe NVMe Solid State Drive8GB, DDR4",N/A,8GB,11th,15.5 inch,512GB SSD,4.8GHz,4.8GHz,No,NVIDIA® GeForce® MX450 2GB GDDR5,FHD (1920 x 1080),,1 Year Warranty,Optional,"4-Cell Battery, 54WHr",Windows,,Inspiron,https://neostore.com.np/assets/uploads/download12.jpg,https://neostore.com.np/assets/uploads/5510.jpg,https://neostore.com.np/assets/uploads/5510_2.jpg,https://neostore.com.np/assets/images/neologohigh.png
https://neostore.com.np/product-category/dell-laptops,Dell G5 15 5505 – | Ryzen 9 4900H | 16,https://neostore.com.np/assets/uploads/55052.jpg,https://neostore.com.np/product/dell-g5-15-5505-ryzen-9-4900h-16gb-6gb-graphics-512gb-ssd-win-10-home,"Rs.215,245                        ",Product featuresAMD Ryzen 9 4900H ProcessorRAM: 16 GB / Storage: 512 GB SSDGraphics: AMD Radeon RX 5600M206 FPS when playing Fortnite at 1080pFull HD screen / 120 Hz,N/A,16 GiGs,n/a,,512GB SSD,2.9 GHz / 4.2 GHz,2.9 GHz / 4.2 GHz,,Radeon Rx 5600M 6gb,,N/a,1 Year,Optional,3-cell Lithium-ion,,,Dell,https://neostore.com.np/assets/uploads/55053.jpg,https://neostore.com.np/assets/uploads/uploads/2021/07/2-27.jpg,https://neostore.com.np/assets/uploads/uploads/2021/07/1-44.jpg,https://neostore.com.np/assets/images/neologohigh.png
https://neostore.com.np/product-category/dell-laptops,Dell G5 15 5505 - | Ryzen 7 4800H | 8GB,https://neostore.com.np/assets/uploads/Inspiron-14-5410-i7-11370H3.jpg,https://neostore.com.np/product/dell-g5-15-5505---ryzen-7-4800h-8gb-6gb-graphics-256gb-ssd-win-10-home,"Rs.160,925                        ",Product featuresAMD Ryzen 7 4800H ProcessorRAM: 8 GB / Storage: 256 GB SSDGraphics: AMD Radeon RX 5600M206 FPS when playing Fortnite at 1080pFull HD screen / 120 Hz,N/A,8 GiGs,n/a,,256GB SSD,2.9 GHz / 4.2 GHz,2.9 GHz / 4.2 GHz,,Radeon Rx 5600M 6gb,,N/a,1 Year,1 Year,3-cell Lithium-ion,,,Dell,https://neostore.com.np/assets/uploads/55052.jpg,https://neostore.com.np/assets/uploads/uploads/2021/07/2-27.jpg,https://neostore.com.np/assets/uploads/uploads/2021/07/1-44.jpg,https://neostore.com.np/assets/images/neologohigh.png
https://neostore.com.np/product-category/dell-laptops,Dell Inspiron 14 5410 - i7-1165G7 | 16GB,https://neostore.com.np/assets/uploads/Inspiron-14-5410-i5-11300H-1.jpg,https://neostore.com.np/product/dell-inspiron-14-5410---i7-1165g7-16gb-512ssd-nvidia-geforce-mx350-2gb-gddr5-active-pen-win-10,"Rs.161,405 - Rs.162,905                        ",Ram: 16GBStorage: 512SSDGraphics: NVIDIA® GeForce® MX350 2GB GDDR5Operating System: Win 10,N/A,16GB,11 Gen,14 inch,512SSD,"12 MB Cache, 4 Core, 2.80 GHz to 4.70 GHz","12 MB Cache, 4 Core, 2.80 GHz to 4.70 GHz",No,2GB NVIDIA® GeForce® MX350,‎1920 x 1080 Pixels,,1 Year,1 Year,"3-Cell Battery, 41WHr",Win 10,,Dell,https://neostore.com.np/assets/uploads/Inspiron-14-5410-i7-11370H3.jpg,https://neostore.com.np/assets/uploads/uploads/2021/07/Inspiron-14-5410-i7-11370H.jpg,https://neostore.com.np/assets/uploads/uploads/2021/07/Inspiron-14-5410-i7-11370H-3.jpg,https://neostore.com.np/assets/images/neologohigh.png
https://neostore.com.np/product-category/dell-laptops,Dell Inspiron 14 5410 - i5-11300H | 8GB,https://neostore.com.np/assets/uploads/Inspiron-14-5410-i7-11370H21.jpg,https://neostore.com.np/product/dell-inspiron-14-5410---i5-11300h-8gb-512ssd-nvidia-geforce-mx450-2gb-gddr5-fhd-win-10,"Rs.132,905 - Rs.134,405                        ",Ram:8GBStorage:512SSDGraphics: NVIDIA® Ge Force® MX450 2GB GDDR5Operating System:Win 10,N/A,8GB,11 Gen,14 inch,512SSD,"8MB Cache, up to 4.2 GHz","8MB Cache, up to 4.2 GHz",No,2GB NVIDIA® GeForce® MX450,‎1920 x 1080 Pixels,,1 Year,Optional,"3-Cell Battery, 41WHr",Win 10,,Dell,https://neostore.com.np/assets/uploads/Inspiron-14-5410-i5-11300H-1.jpg,https://neostore.com.np/assets/uploads/uploads/2021/07/Inspiron-14-5410-i5-11300H-1-1.jpg,https://neostore.com.np/assets/uploads/Inspiron-14-5410-i5-11300H-2-1.jpg,https://neostore.com.np/assets/images/neologohigh.png
https://neostore.com.np/product-category/dell-laptops,Dell Inspiron 14 5410 | i5-11300H | 8GB,https://neostore.com.np/assets/uploads/3501.jpg,https://neostore.com.np/product/dell-inspiron-14-5410-i5-11300h-8gb-512ssd-intel-iris-xe-graphics-fhd-win-10-office-2019,"Rs.111,055 - Rs.112,555                        ",RAM: 8GBSTORAGE: 512SSDGRAPHICS: Intel® Iris® Xe GraphicsPROCESSOR: I5-11300HOPERATING SYSTEM: WIN 10 (Upgradable to WIN 11)Office 2019,Ready when you are,8GB,11 Gen,14 inch,512SSD,"8MB Cache, up to 4.2 GHz","8MB Cache, up to 4.2 GHz",No,Intel® Iris® Xe,‎1920 x 1080 Pixels,,1 Year,1 Year,"3-Cell Battery, 41WHr",Win 10,,Dell,https://neostore.com.np/assets/uploads/Inspiron-14-5410-i7-11370H21.jpg,https://neostore.com.np/assets/uploads/uploads/2021/07/Inspiron-14-5410-i5-11300H-2.jpg,https://neostore.com.np/assets/uploads/uploads/2021/07/Inspiron-14-5410-i5-11300H-3.jpg,https://neostore.com.np/assets/images/neologohigh.png
https://neostore.com.np/product-category/dell-laptops,Dell Inspiron 15 3501 i5 | 1135G7 | 8GB,https://neostore.com.np/assets/uploads/Dell-i5-35013.jpg,https://neostore.com.np/product/dell-inspiron-15-3501-i5-1135g7-8gb-512ssd-nvidia-mx-330-2gb-gddr5-fhd-,"Rs.102,207                        ","Dell Inspiron 15 3501This Dell laptop not only features a sleek design and an 11th Gen Intel Core processor to give you the best of aesthetics and functionality. With Dell Mobile Connect, you can connect all your devices so that you can enjoy convenient usage. And, with an HDMI port, you can connect the laptop to your TV or a monitor for an expansive view. It also comes with other ports that enable fast transfers and more",N/A,8GB,11th,15.5 inch,512GB SSD,,,No,NVIDIA® MX 330 2GB GDDR5,FHD (1920 x 1080),,1 Year Warranty,1 Year Insurance,"3-Cell Battery, 40WHr (Integrated)",Win10,,Dell,https://neostore.com.np/assets/uploads/3501.jpg,https://neostore.com.np/assets/uploads/uploads/2020/11/Inspiron-14-3501-Silver-Mint1.jpg,https://neostore.com.np/assets/uploads/uploads/2020/11/Inspiron-14-3501-Silver-Mint.jpg,https://neostore.com.np/assets/images/neologohigh.png
https://neostore.com.np/product-category/dell-laptops,Dell Inspiron 15 3501 i5 11th Gen | 4GB,https://neostore.com.np/assets/uploads/g5_550011.jpg,https://neostore.com.np/product/dell-inspiron-15-3501-i5-11th-gen-4gb-1tb-nvidia-mx330-2gb-gddr5-,"Rs.83,607                        ",Dell Inspiron 15 3501 i5Intel i5 11th Gen Processor4GB RAM1 TB HDD Storage2GB Nvidia MX330 GDDR5 GPU,N/A,4GB,11th,15.5 inch,1TB,,,No,NVIDIA®️ GeForce®️ MX330 w2GB GDDR5,FHD (1920 x 1080),,1 Year Warranty,1 Year Insurance,"3-Cell Battery, 40WHr (Integrated)",Windows 10,,Dell,https://neostore.com.np/assets/uploads/Dell-i5-35013.jpg,https://neostore.com.np/assets/uploads/3501_2.jpg,https://neostore.com.np/assets/uploads/35014.jpg,https://neostore.com.np/assets/images/neologohigh.png
https://neostore.com.np/product-category/dell-laptops,Dell G5 5500 i7 10th Gen | 8GB Ram | 512,https://neostore.com.np/assets/uploads/uploads/2021/02/0002_DELL-VOSTRO-3400-I5.jpg,https://neostore.com.np/product/dell-g5-5500-i7-10th-gen-8gb-ram-512ssd-6gb-graphics-win10,"Rs.205,105                        ","10th Generation Intel® Core™ i7-10750H (12MB Cache, up to 5.0 GHz, 6 cores)Windows 10 Home, 64-bit, EnglishNVIDIA(R) GeForce RTX(TM) 2070 8GB GDDR68GB DDR4-2933MHz,",N/A,"8GB DDR4-2933MHz, 2x8G",10th,15.6 inches,512GB SSD,"12MB Cache, up to 5.0 GHz, 6 cores","12MB Cache, up to 5.0 GHz, 6 cores",,NVIDIA® GeForce RTX™ 2070 6GB GDDR6,"(1920x1080) 300ni ts WVA Anti-Glare LED Backlit Display(non-touch), 300Hz refresh rate",,1 Year Warranty,N/a,"4-Cell Battery, 68 Whr (Integrated)",Windows 10 Pro (64bit) English,,Dell,https://neostore.com.np/assets/uploads/g5_550011.jpg,https://neostore.com.np/assets/uploads/uploads/2020/11/g5_55002.jpg,https://neostore.com.np/assets/uploads/uploads/2020/11/g5_5500_1.jpg,https://neostore.com.np/assets/images/neologohigh.png
https://neostore.com.np/product-category/dell-laptops,Dell Vostro 3400 I5 11th Gen | 4GB Ram |,https://neostore.com.np/assets/uploads/73061.jpg,https://neostore.com.np/product/dell-vostro-3400-i5-11th-gen-4gb-ram-1tb-hdd-ubuntu-black,"Rs.78,473 - Rs.79,473                        ",Better tools for quicker results.14-inch laptop featuring HD or FHD display with a 2-sided narrow border and 11th Gen Intel® Core™ processors.Note: There is an additional charge for laptop insurance.,N/A,"4GB, 4Gx1, DDR4, 2666MHz",11th,14 inches,"1TB 5400 rpm 2.5"" SATA Hard Drive","8MB Cache, up to 4.2 GHz","8MB Cache, up to 4.2 GHz",No,Intel® Iris® Xe Graphics with shared graphics memory,14.0-inch FHD (1920 x 1080) Anti-glare LED Backlight Non-Touch Narrow Border WVA Display,,1 Year Warranty,1 Year Insurance,"3-Cell, 42 WHr, Integrated battery",Ubuntu,,Dell,https://neostore.com.np/assets/uploads/uploads/2021/02/0002_DELL-VOSTRO-3400-I5.jpg,https://neostore.com.np/assets/uploads/uploads/2021/02/0007_vostro-3400-i5.jpg,https://neostore.com.np/assets/uploads/uploads/2021/02/0003_DELL-VOSTRO-3400-I51.jpg,https://neostore.com.np/assets/images/neologohigh.png
https://neostore.com.np/product-category/dell-laptops,Dell Inspiron 13 7306 i5 11th Gen | 8GB,https://neostore.com.np/assets/uploads/Inspiron-14-5406-i7-1165G72.jpg,https://neostore.com.np/product/dell-inspiron-13-7306-i5-11th-gen-8gb-ram-512gb-ssd-touch-win10,"Rs.161,405 - Rs.162,905                        ","Pops of colorWatch, write, and work with ease, whether you’re in a room or outside, thanks to the bright, colorful screen delivering 100% sRGB colors and 300 nits of brightness.",N/A,8GB,11th,13.3 inches,512GB SSD,"8MB Cache, up to 4.2 GHz","8MB Cache, up to 4.2 GHz",,Intel® Iris® Xe Graphics,FHD (1920 x 1080) Truelife Touch Narrow Border WVA Display with Active Pen support,,1 Year Warranty,Optional,"4-Cell Battery, 53WHr (Integrated)",Wim10,,Dell,https://neostore.com.np/assets/uploads/73061.jpg,https://neostore.com.np/assets/uploads/uploads/2020/12/Inspiron-13-7306-i5-1135G7.jpg,https://neostore.com.np/assets/uploads/Inspiron-13-7306-i7-1165G7111.jpg,https://neostore.com.np/assets/images/neologohigh.png
https://neostore.com.np/product-category/dell-laptops,Dell Inspiron 14 5406 i7 11th Gen | 8GB,,https://neostore.com.np/product/dell-inspiron-14-5406-i7-11th-gen-8gb-ram-512gb-ssd-2gb-graphics-touch-win10,"Rs.154,290 - Rs.155,790                        ","Versatile views on the goEntertain yourself everywhere with the all-new Inspiron 14 5000 2-in-1, featuring four flexible viewing modes and an expansive screen in a sleek, compact size.Note: There is an additional charge for laptop insurance.",N/A,8GB,11th,14 inches,512GB SSD,"12MB Cache, up to 4.7 GHz","12MB Cache, up to 4.7 GHz",Yes,NVIDIA® GeForce® MX330 2GB GDDR5,"FHD, 1920 x 1080, 60Hz, touch, Wide Viewing Angle",,1 Year Warranty,1 Year Insurance,,Win10,,Dell,https://neostore.com.np/assets/uploads/Inspiron-14-5406-i7-1165G72.jpg,https://neostore.com.np/assets/uploads/Inspiron-14-5406-i7-1165G72.jpg,,https://neostore.com.np/assets/images/neologohigh.png
